venta_id,fecha,hora,cliente_id,producto_id,cantidad,precio_unitario,subtotal,descuento_aplicado,total,fecha_carga,fuente_dato,nombre_producto,categoria,precio_catalogo,nombre_cliente,apellido,ciudad,es_premium,diferencia_precio,descuento_valor,categoria_venta
VEN0001,2025-02-03,18:27,CLI018,PROD014,4,45.51,182.04,0.0,182.04,2026-03-22 19:31:25,ventas,Zapatillas Deportivas,Ropa,45.51,Juan,Sánchez,Sevilla,False,0.0,0.0,Alta
VEN0002,2025-02-06,08:16,CLI049,PROD030,3,19.67,59.01,0.0,59.01,2026-03-22 19:31:25,ventas,Velas Aromáticas Pack 3,Hogar,19.67,Juan,Ramírez,Valencia,False,0.0,0.0,Media
VEN0003,2025-02-07,15:20,CLI044,PROD002,4,63.2,252.8,0.0,252.8,2026-03-22 19:31:25,ventas,Mouse Inalámbrico,Electrónica,63.2,María,Díaz,Sevilla,False,0.0,0.0,Alta
VEN0004,2025-02-09,20:53,CLI054,PROD050,3,23.47,70.41,0.0,70.41,2026-03-22 19:31:25,ventas,Thriller Político,Libros,23.47,Pedro,Ramírez,Murcia,False,0.0,0.0,Media
VEN0005,2025-02-27,09:30,CLI003,PROD036,5,15.99,79.95,0.0,79.95,2026-03-22 19:31:25,ventas,Guantes Gym,Deportes,15.99,Juan,López,Valencia,False,0.0,0.0,Media
VEN0006,2025-02-02,13:14,CLI084,PROD036,1,15.99,15.99,0.1,14.39,2026-03-22 19:31:25,ventas,Guantes Gym,Deportes,15.99,Juan,Flores,Bilbao,True,0.0,1.5990000000000002,Baja
VEN0007,2025-02-25,18:02,CLI097,PROD009,1,27.92,27.92,0.1,25.13,2026-03-22 19:31:25,ventas,Adaptador HDMI,Electrónica,27.92,Javier,Díaz,Sevilla,True,0.0,2.7920000000000003,Baja
VEN0008,2025-02-08,11:53,CLI003,PROD005,5,20.65,103.25,0.0,103.25,2026-03-22 19:31:25,ventas,Cable USB-C,Electrónica,20.65,Juan,López,Valencia,False,0.0,0.0,Media
VEN0009,2025-02-05,11:08,CLI061,PROD035,1,12.5,12.5,0.1,11.25,2026-03-22 19:31:25,ventas,Banda Elástica,Deportes,12.5,Ana,López,Málaga,True,0.0,1.25,Baja
VEN0010,2025-02-19,11:29,CLI090,PROD045,3,31.91,95.73,0.0,95.73,2026-03-22 19:31:25,ventas,Manual Python,Libros,31.91,Diego,González,Murcia,False,0.0,0.0,Media
VEN0011,2025-02-25,13:10,CLI078,PROD022,5,11.31,56.55,0.1,50.9,2026-03-22 19:31:25,ventas,Toallas Pack 4,Hogar,11.31,Beatriz,Fernández,Valencia,True,0.0,5.655,Media
VEN0012,2025-02-24,19:07,CLI100,PROD042,2,30.13,60.26,0.1,54.23,2026-03-22 19:31:25,ventas,Libro Cocina,Libros,30.13,Laura,Torres,Madrid,True,0.0,6.026,Media
VEN0013,2025-02-10,09:37,CLI004,PROD048,3,21.47,64.41,0.0,64.41,2026-03-22 19:31:25,ventas,Enciclopedia Natural,Libros,21.47,Roberto,Martínez,Bilbao,False,0.0,0.0,Media
VEN0014,2025-02-19,18:58,CLI049,PROD034,4,42.78,171.12,0.0,171.12,2026-03-22 19:31:25,ventas,Cuerda Saltar,Deportes,42.78,Juan,Ramírez,Valencia,False,0.0,0.0,Alta
VEN0015,2025-02-23,11:04,CLI076,PROD016,2,57.95,115.9,0.0,115.9,2026-03-22 19:31:25,ventas,Gorra Deportiva,Ropa,57.95,Luis,González,Sevilla,False,0.0,0.0,Media
VEN0016,2025-02-04,19:49,CLI039,PROD024,5,45.19,225.95,0.1,203.36,2026-03-22 19:31:25,ventas,Cortinas Blackout,Hogar,45.19,Isabel,Martínez,Sevilla,True,0.0,22.595,Alta
VEN0017,2025-02-26,09:50,CLI073,PROD026,1,10.92,10.92,0.0,10.92,2026-03-22 19:31:25,ventas,Lámpara Mesa,Hogar,10.92,Javier,Pérez,Bilbao,False,0.0,0.0,Baja
VEN0018,2025-02-12,16:27,CLI085,PROD033,3,33.46,100.38,0.1,90.34,2026-03-22 19:31:25,ventas,Pesas 2kg Par,Deportes,33.46,Beatriz,Fernández,Madrid,True,0.0,10.038,Media
VEN0019,2025-02-03,16:41,CLI044,PROD011,1,22.58,22.58,0.0,22.58,2026-03-22 19:31:25,ventas,Camiseta Básica,Ropa,22.58,María,Díaz,Sevilla,False,0.0,0.0,Baja
VEN0020,2025-02-28,14:52,CLI063,PROD007,1,29.21,29.21,0.0,29.21,2026-03-22 19:31:25,ventas,Memoria USB 32GB,Electrónica,29.21,Antonio,Sánchez,Sevilla,False,0.0,0.0,Baja
VEN0021,2025-02-14,13:40,CLI059,PROD018,2,16.64,33.28,0.1,29.95,2026-03-22 19:31:25,ventas,Bufanda Lana,Ropa,16.64,Juan,Pérez,Bilbao,True,0.0,3.3280000000000003,Baja
VEN0022,2025-02-14,10:46,CLI067,PROD022,3,11.31,33.93,0.0,33.93,2026-03-22 19:31:25,ventas,Toallas Pack 4,Hogar,11.31,Ana,Martínez,Zaragoza,False,0.0,0.0,Baja
VEN0023,2025-02-20,20:58,CLI069,PROD023,4,42.83,171.32,0.1,154.19,2026-03-22 19:31:25,ventas,Cojín Decorativo,Hogar,42.83,Javier,Torres,Barcelona,True,0.0,17.132,Alta
VEN0024,2025-02-15,14:52,CLI094,PROD013,5,48.42,242.1,0.1,217.89,2026-03-22 19:31:25,ventas,Sudadera con Capucha,Ropa,48.42,Fernando,Fernández,Bilbao,True,0.0,24.21,Alta
VEN0025,2025-02-09,13:54,CLI032,PROD039,1,34.09,34.09,0.0,34.09,2026-03-22 19:31:25,ventas,Rodilleras,Deportes,34.09,Isabel,Jiménez,Madrid,False,0.0,0.0,Baja
VEN0026,2025-02-09,15:15,CLI097,PROD021,4,13.24,52.96,0.1,47.66,2026-03-22 19:31:25,ventas,Juego Sábanas,Hogar,13.24,Javier,Díaz,Sevilla,True,0.0,5.296,Baja
VEN0027,2025-02-19,17:42,CLI049,PROD039,3,34.09,102.27,0.0,102.27,2026-03-22 19:31:25,ventas,Rodilleras,Deportes,34.09,Juan,Ramírez,Valencia,False,0.0,0.0,Media
VEN0028,2025-02-01,15:54,CLI042,PROD020,2,47.03,94.06,0.0,94.06,2026-03-22 19:31:25,ventas,Cinturón Cuero,Ropa,47.03,Isabel,López,Zaragoza,False,0.0,0.0,Media
VEN0029,2025-02-16,11:22,CLI034,PROD013,3,48.42,145.26,0.1,130.73,2026-03-22 19:31:25,ventas,Sudadera con Capucha,Ropa,48.42,Javier,Ramírez,Murcia,True,0.0,14.526,Media
VEN0030,2025-02-09,17:44,CLI036,PROD028,5,49.38,246.9,0.0,246.9,2026-03-22 19:31:25,ventas,Reloj Pared,Hogar,49.38,Elena,García,Madrid,False,0.0,0.0,Alta
VEN0031,2025-02-01,16:12,CLI011,PROD019,2,40.98,81.96,0.0,81.96,2026-03-22 19:31:25,ventas,Guantes Invierno,Ropa,40.98,Pedro,Díaz,Madrid,False,0.0,0.0,Media
VEN0032,2025-02-24,14:31,CLI072,PROD028,2,49.38,98.76,0.0,98.76,2026-03-22 19:31:25,ventas,Reloj Pared,Hogar,49.38,Roberto,Pérez,Barcelona,False,0.0,0.0,Media
VEN0033,2025-02-23,15:41,CLI092,PROD021,4,13.24,52.96,0.1,47.66,2026-03-22 19:31:25,ventas,Juego Sábanas,Hogar,13.24,Laura,López,Sevilla,True,0.0,5.296,Baja
VEN0034,2025-02-15,20:01,CLI012,PROD037,3,15.72,47.16,0.0,47.16,2026-03-22 19:31:25,ventas,Mochila Deportiva,Deportes,15.72,Antonio,García,Barcelona,False,0.0,0.0,Baja
VEN0035,2025-02-08,14:44,CLI032,PROD047,3,19.89,59.67,0.0,59.67,2026-03-22 19:31:25,ventas,Cómic Aventuras,Libros,19.89,Isabel,Jiménez,Madrid,False,0.0,0.0,Media
VEN0036,2025-02-22,17:23,CLI061,PROD049,5,13.49,67.45,0.1,60.71,2026-03-22 19:31:25,ventas,Poesía Clásica,Libros,13.49,Ana,López,Málaga,True,0.0,6.745000000000001,Media
VEN0037,2025-02-17,13:27,CLI096,PROD030,5,19.67,98.35,0.0,98.35,2026-03-22 19:31:25,ventas,Velas Aromáticas Pack 3,Hogar,19.67,Antonio,García,Málaga,False,0.0,0.0,Media
VEN0038,2025-02-11,13:44,CLI059,PROD041,3,15.73,47.19,0.1,42.47,2026-03-22 19:31:25,ventas,Novela Misterio,Libros,15.73,Juan,Pérez,Bilbao,True,0.0,4.719,Baja
VEN0039,2025-02-10,12:14,CLI016,PROD001,2,56.56,113.12,0.1,101.81,2026-03-22 19:31:25,ventas,Auriculares Bluetooth,Electrónica,56.56,Carmen,Díaz,Bilbao,True,0.0,11.312000000000001,Media
VEN0040,2025-02-11,09:47,CLI069,PROD011,2,22.58,45.16,0.1,40.64,2026-03-22 19:31:25,ventas,Camiseta Básica,Ropa,22.58,Javier,Torres,Barcelona,True,0.0,4.516,Baja
VEN0041,2025-02-07,11:47,CLI062,PROD044,3,32.83,98.49,0.1,88.64,2026-03-22 19:31:25,ventas,Biografía Histórica,Libros,32.83,Carmen,López,Barcelona,True,0.0,9.849,Media
VEN0042,2025-02-24,17:48,CLI068,PROD025,5,32.25,161.25,0.0,161.25,2026-03-22 19:31:25,ventas,Alfombra Sala,Hogar,32.25,Carlos,Martínez,Bilbao,False,0.0,0.0,Alta
VEN0043,2025-02-10,09:53,CLI025,PROD011,3,22.58,67.74,0.1,60.97,2026-03-22 19:31:25,ventas,Camiseta Básica,Ropa,22.58,Miguel,Rodríguez,Bilbao,True,0.0,6.774,Media
VEN0044,2025-02-08,13:11,CLI039,PROD033,1,33.46,33.46,0.1,30.11,2026-03-22 19:31:25,ventas,Pesas 2kg Par,Deportes,33.46,Isabel,Martínez,Sevilla,True,0.0,3.346,Baja
VEN0045,2025-02-23,16:08,CLI036,PROD045,1,31.91,31.91,0.0,31.91,2026-03-22 19:31:25,ventas,Manual Python,Libros,31.91,Elena,García,Madrid,False,0.0,0.0,Baja
VEN0046,2025-02-02,16:18,CLI090,PROD027,2,17.57,35.14,0.0,35.14,2026-03-22 19:31:25,ventas,Espejo Pared,Hogar,17.57,Diego,González,Murcia,False,0.0,0.0,Baja
VEN0047,2025-02-21,21:48,CLI063,PROD045,1,31.91,31.91,0.0,31.91,2026-03-22 19:31:25,ventas,Manual Python,Libros,31.91,Antonio,Sánchez,Sevilla,False,0.0,0.0,Baja
VEN0048,2025-02-28,08:36,CLI037,PROD011,4,22.58,90.32,0.1,81.29,2026-03-22 19:31:25,ventas,Camiseta Básica,Ropa,22.58,Beatriz,Jiménez,Valencia,True,0.0,9.032,Media
VEN0049,2025-02-16,15:21,CLI024,PROD013,1,48.42,48.42,0.0,48.42,2026-03-22 19:31:25,ventas,Sudadera con Capucha,Ropa,48.42,Javier,Sánchez,Barcelona,False,0.0,0.0,Baja
VEN0050,2025-02-09,21:30,CLI015,PROD007,1,29.21,29.21,0.1,26.29,2026-03-22 19:31:25,ventas,Memoria USB 32GB,Electrónica,29.21,Laura,Ruiz,Murcia,True,0.0,2.9210000000000003,Baja
VEN0051,2025-02-13,15:04,CLI074,PROD026,1,10.92,10.92,0.0,10.92,2026-03-22 19:31:25,ventas,Lámpara Mesa,Hogar,10.92,Fernando,López,Sevilla,False,0.0,0.0,Baja
VEN0052,2025-02-05,10:51,CLI073,PROD022,3,11.31,33.93,0.0,33.93,2026-03-22 19:31:25,ventas,Toallas Pack 4,Hogar,11.31,Javier,Pérez,Bilbao,False,0.0,0.0,Baja
VEN0053,2025-02-03,11:07,CLI072,PROD047,4,19.89,79.56,0.0,79.56,2026-03-22 19:31:25,ventas,Cómic Aventuras,Libros,19.89,Roberto,Pérez,Barcelona,False,0.0,0.0,Media
VEN0054,2025-02-20,17:50,CLI080,PROD001,2,56.56,113.12,0.1,101.81,2026-03-22 19:31:25,ventas,Auriculares Bluetooth,Electrónica,56.56,Luis,Sánchez,Sevilla,True,0.0,11.312000000000001,Media
VEN0055,2025-02-25,16:24,CLI058,PROD009,4,27.92,111.68,0.1,100.51,2026-03-22 19:31:25,ventas,Adaptador HDMI,Electrónica,27.92,Carlos,Jiménez,Málaga,True,0.0,11.168000000000001,Media
VEN0056,2025-02-10,21:37,CLI055,PROD028,3,49.38,148.14,0.1,133.33,2026-03-22 19:31:25,ventas,Reloj Pared,Hogar,49.38,Fernando,García,Barcelona,True,0.0,14.814,Media
VEN0057,2025-02-19,17:03,CLI079,PROD011,1,22.58,22.58,0.1,20.32,2026-03-22 19:31:25,ventas,Camiseta Básica,Ropa,22.58,Luis,Díaz,Málaga,True,0.0,2.258,Baja
VEN0058,2025-02-25,11:40,CLI028,PROD034,3,42.78,128.34,0.0,128.34,2026-03-22 19:31:25,ventas,Cuerda Saltar,Deportes,42.78,Laura,Rodríguez,Valencia,False,0.0,0.0,Media
VEN0059,2025-02-22,09:10,CLI031,PROD027,2,17.57,35.14,0.1,31.63,2026-03-22 19:31:25,ventas,Espejo Pared,Hogar,17.57,Pedro,Rodríguez,Murcia,True,0.0,3.5140000000000002,Baja
VEN0060,2025-02-18,09:10,CLI001,PROD044,4,32.83,131.32,0.1,118.19,2026-03-22 19:31:25,ventas,Biografía Histórica,Libros,32.83,Javier,Jiménez,Bilbao,True,0.0,13.132,Media
VEN0061,2025-02-15,19:38,CLI061,PROD006,3,17.07,51.21,0.1,46.09,2026-03-22 19:31:25,ventas,Cargador Portátil,Electrónica,17.07,Ana,López,Málaga,True,0.0,5.121,Baja
VEN0062,2025-02-02,11:18,CLI091,PROD027,3,17.57,52.71,0.1,47.44,2026-03-22 19:31:25,ventas,Espejo Pared,Hogar,17.57,Diego,González,Málaga,True,0.0,5.271000000000001,Baja
VEN0063,2025-02-23,21:29,CLI010,PROD036,2,15.99,31.98,0.0,31.98,2026-03-22 19:31:25,ventas,Guantes Gym,Deportes,15.99,Beatriz,Torres,Sevilla,False,0.0,0.0,Baja
VEN0064,2025-02-09,20:50,CLI081,PROD048,5,21.47,107.35,0.1,96.62,2026-03-22 19:31:25,ventas,Enciclopedia Natural,Libros,21.47,Carlos,Sánchez,Murcia,True,0.0,10.735,Media
VEN0065,2025-02-22,20:59,CLI026,PROD028,4,49.38,197.52,0.1,177.77,2026-03-22 19:31:25,ventas,Reloj Pared,Hogar,49.38,Juan,García,Bilbao,True,0.0,19.752000000000002,Alta
VEN0066,2025-02-04,16:14,CLI083,PROD010,2,60.59,121.18,0.1,109.06,2026-03-22 19:31:25,ventas,Lámpara LED,Electrónica,60.59,Antonio,Rodríguez,Sevilla,True,0.0,12.118000000000002,Media
VEN0067,2025-02-09,21:09,CLI010,PROD042,1,30.13,30.13,0.0,30.13,2026-03-22 19:31:25,ventas,Libro Cocina,Libros,30.13,Beatriz,Torres,Sevilla,False,0.0,0.0,Baja
VEN0068,2025-02-06,20:19,CLI077,PROD002,5,63.2,316.0,0.1,284.4,2026-03-22 19:31:25,ventas,Mouse Inalámbrico,Electrónica,63.2,Raquel,Fernández,Murcia,True,0.0,31.6,Alta
VEN0069,2025-02-10,15:07,CLI060,PROD040,3,33.96,101.88,0.0,101.88,2026-03-22 19:31:25,ventas,Cronómetro Digital,Deportes,33.96,Diego,Morales,Valencia,False,0.0,0.0,Media
VEN0070,2025-02-23,14:17,CLI065,PROD013,5,48.42,242.1,0.1,217.89,2026-03-22 19:31:25,ventas,Sudadera con Capucha,Ropa,48.42,Sofía,Rodríguez,Málaga,True,0.0,24.21,Alta
VEN0071,2025-02-16,15:05,CLI077,PROD044,1,32.83,32.83,0.1,29.55,2026-03-22 19:31:25,ventas,Biografía Histórica,Libros,32.83,Raquel,Fernández,Murcia,True,0.0,3.283,Baja
VEN0072,2025-02-14,19:20,CLI078,PROD012,3,25.35,76.05,0.1,68.44,2026-03-22 19:31:25,ventas,Jeans Clásicos,Ropa,25.35,Beatriz,Fernández,Valencia,True,0.0,7.605,Media
VEN0073,2025-02-01,09:14,CLI087,PROD022,5,11.31,56.55,0.0,56.55,2026-03-22 19:31:25,ventas,Toallas Pack 4,Hogar,11.31,Raquel,Torres,Bilbao,False,0.0,0.0,Media
VEN0074,2025-02-19,08:48,CLI087,PROD014,3,45.51,136.53,0.0,136.53,2026-03-22 19:31:25,ventas,Zapatillas Deportivas,Ropa,45.51,Raquel,Torres,Bilbao,False,0.0,0.0,Media
VEN0075,2025-02-19,08:48,CLI097,PROD018,2,16.64,33.28,0.1,29.95,2026-03-22 19:31:25,ventas,Bufanda Lana,Ropa,16.64,Javier,Díaz,Sevilla,True,0.0,3.3280000000000003,Baja
VEN0076,2025-02-16,16:41,CLI057,PROD005,3,20.65,61.95,0.0,61.95,2026-03-22 19:31:25,ventas,Cable USB-C,Electrónica,20.65,Javier,López,Madrid,False,0.0,0.0,Media
VEN0077,2025-02-06,17:27,CLI082,PROD031,4,39.19,156.76,0.0,156.76,2026-03-22 19:31:25,ventas,Botella Agua 1L,Deportes,39.19,Raquel,Rodríguez,Sevilla,False,0.0,0.0,Alta
VEN0078,2025-02-03,15:22,CLI053,PROD015,3,25.34,76.02,0.0,76.02,2026-03-22 19:31:25,ventas,Chaqueta Impermeable,Ropa,25.34,Elena,Flores,Valencia,False,0.0,0.0,Media
VEN0079,2025-02-11,18:06,CLI021,PROD018,3,16.64,49.92,0.1,44.93,2026-03-22 19:31:25,ventas,Bufanda Lana,Ropa,16.64,Carlos,Morales,Málaga,True,0.0,4.992000000000001,Baja
VEN0080,2025-02-14,19:31,CLI037,PROD021,4,13.24,52.96,0.1,47.66,2026-03-22 19:31:25,ventas,Juego Sábanas,Hogar,13.24,Beatriz,Jiménez,Valencia,True,0.0,5.296,Baja
VEN0081,2025-02-27,20:35,CLI005,PROD009,4,27.92,111.68,0.1,100.51,2026-03-22 19:31:25,ventas,Adaptador HDMI,Electrónica,27.92,Beatriz,González,Madrid,True,0.0,11.168000000000001,Media
VEN0082,2025-02-03,13:16,CLI042,PROD009,1,27.92,27.92,0.0,27.92,2026-03-22 19:31:25,ventas,Adaptador HDMI,Electrónica,27.92,Isabel,López,Zaragoza,False,0.0,0.0,Baja
VEN0083,2025-02-25,14:55,CLI066,PROD039,1,34.09,34.09,0.0,34.09,2026-03-22 19:31:25,ventas,Rodilleras,Deportes,34.09,Carmen,Pérez,Bilbao,False,0.0,0.0,Baja
VEN0084,2025-02-22,21:34,CLI060,PROD038,4,19.45,77.8,0.0,77.8,2026-03-22 19:31:25,ventas,Toalla Microfibra,Deportes,19.45,Diego,Morales,Valencia,False,0.0,0.0,Media
VEN0085,2025-02-02,11:33,CLI047,PROD014,5,45.51,227.55,0.0,227.55,2026-03-22 19:31:25,ventas,Zapatillas Deportivas,Ropa,45.51,Roberto,Flores,Madrid,False,0.0,0.0,Alta
VEN0086,2025-02-25,15:40,CLI057,PROD018,1,16.64,16.64,0.0,16.64,2026-03-22 19:31:25,ventas,Bufanda Lana,Ropa,16.64,Javier,López,Madrid,False,0.0,0.0,Baja
VEN0087,2025-02-07,12:35,CLI017,PROD036,3,15.99,47.97,0.0,47.97,2026-03-22 19:31:25,ventas,Guantes Gym,Deportes,15.99,Luis,Rodríguez,Málaga,False,0.0,0.0,Baja
VEN0088,2025-02-15,19:31,CLI016,PROD024,1,45.19,45.19,0.1,40.67,2026-03-22 19:31:25,ventas,Cortinas Blackout,Hogar,45.19,Carmen,Díaz,Bilbao,True,0.0,4.519,Baja
VEN0089,2025-02-21,17:51,CLI031,PROD049,2,13.49,26.98,0.1,24.28,2026-03-22 19:31:25,ventas,Poesía Clásica,Libros,13.49,Pedro,Rodríguez,Murcia,True,0.0,2.6980000000000004,Baja
VEN0090,2025-02-10,16:00,CLI071,PROD046,4,15.32,61.28,0.0,61.28,2026-03-22 19:31:25,ventas,Libro Autoayuda,Libros,15.32,Miguel,Rodríguez,Barcelona,False,0.0,0.0,Media
VEN0091,2025-02-03,11:53,CLI015,PROD039,4,34.09,136.36,0.1,122.72,2026-03-22 19:31:25,ventas,Rodilleras,Deportes,34.09,Laura,Ruiz,Murcia,True,0.0,13.636000000000003,Media
VEN0092,2025-02-04,18:53,CLI020,PROD049,4,13.49,53.96,0.1,48.56,2026-03-22 19:31:25,ventas,Poesía Clásica,Libros,13.49,Ana,Martínez,Madrid,True,0.0,5.396000000000001,Baja
VEN0093,2025-02-23,12:32,CLI091,PROD048,3,21.47,64.41,0.1,57.97,2026-03-22 19:31:25,ventas,Enciclopedia Natural,Libros,21.47,Diego,González,Málaga,True,0.0,6.441,Media
VEN0094,2025-02-14,21:30,CLI061,PROD019,2,40.98,81.96,0.1,73.76,2026-03-22 19:31:25,ventas,Guantes Invierno,Ropa,40.98,Ana,López,Málaga,True,0.0,8.196,Media
VEN0095,2025-02-15,16:09,CLI050,PROD030,2,19.67,39.34,0.0,39.34,2026-03-22 19:31:25,ventas,Velas Aromáticas Pack 3,Hogar,19.67,Roberto,Sánchez,Málaga,False,0.0,0.0,Baja
VEN0096,2025-02-20,16:47,CLI018,PROD048,1,21.47,21.47,0.0,21.47,2026-03-22 19:31:25,ventas,Enciclopedia Natural,Libros,21.47,Juan,Sánchez,Sevilla,False,0.0,0.0,Baja
VEN0097,2025-02-09,20:50,CLI054,PROD038,3,19.45,58.35,0.0,58.35,2026-03-22 19:31:25,ventas,Toalla Microfibra,Deportes,19.45,Pedro,Ramírez,Murcia,False,0.0,0.0,Media
VEN0098,2025-02-26,16:17,CLI001,PROD009,3,27.92,83.76,0.1,75.38,2026-03-22 19:31:25,ventas,Adaptador HDMI,Electrónica,27.92,Javier,Jiménez,Bilbao,True,0.0,8.376000000000001,Media
VEN0099,2025-02-24,12:53,CLI076,PROD017,5,16.91,84.55,0.0,84.55,2026-03-22 19:31:25,ventas,Calcetines Pack 3,Ropa,16.91,Luis,González,Sevilla,False,0.0,0.0,Media
VEN0100,2025-02-22,15:55,CLI020,PROD023,4,42.83,171.32,0.1,154.19,2026-03-22 19:31:25,ventas,Cojín Decorativo,Hogar,42.83,Ana,Martínez,Madrid,True,0.0,17.132,Alta
VEN0101,2025-02-18,15:22,CLI043,PROD013,5,48.42,242.1,0.1,217.89,2026-03-22 19:31:25,ventas,Sudadera con Capucha,Ropa,48.42,María,García,Murcia,True,0.0,24.21,Alta
VEN0102,2025-02-25,16:24,CLI059,PROD006,3,17.07,51.21,0.1,46.09,2026-03-22 19:31:25,ventas,Cargador Portátil,Electrónica,17.07,Juan,Pérez,Bilbao,True,0.0,5.121,Baja
VEN0103,2025-02-28,11:44,CLI031,PROD016,5,57.95,289.75,0.1,260.78,2026-03-22 19:31:25,ventas,Gorra Deportiva,Ropa,57.95,Pedro,Rodríguez,Murcia,True,0.0,28.975,Alta
VEN0104,2025-02-13,11:54,CLI100,PROD032,4,22.96,91.84,0.1,82.66,2026-03-22 19:31:25,ventas,Yoga Mat,Deportes,22.96,Laura,Torres,Madrid,True,0.0,9.184000000000001,Media
VEN0105,2025-02-02,13:47,CLI061,PROD011,4,22.58,90.32,0.1,81.29,2026-03-22 19:31:25,ventas,Camiseta Básica,Ropa,22.58,Ana,López,Málaga,True,0.0,9.032,Media
VEN0106,2025-02-13,18:50,CLI084,PROD049,2,13.49,26.98,0.1,24.28,2026-03-22 19:31:25,ventas,Poesía Clásica,Libros,13.49,Juan,Flores,Bilbao,True,0.0,2.6980000000000004,Baja
VEN0107,2025-02-16,08:08,CLI065,PROD010,5,60.59,302.95,0.1,272.65,2026-03-22 19:31:25,ventas,Lámpara LED,Electrónica,60.59,Sofía,Rodríguez,Málaga,True,0.0,30.295,Alta
VEN0108,2025-02-11,21:06,CLI057,PROD039,1,34.09,34.09,0.0,34.09,2026-03-22 19:31:25,ventas,Rodilleras,Deportes,34.09,Javier,López,Madrid,False,0.0,0.0,Baja
VEN0109,2025-02-17,15:00,CLI093,PROD030,2,19.67,39.34,0.0,39.34,2026-03-22 19:31:25,ventas,Velas Aromáticas Pack 3,Hogar,19.67,Sofía,Martínez,Bilbao,False,0.0,0.0,Baja
VEN0110,2025-02-14,21:41,CLI020,PROD014,1,45.51,45.51,0.1,40.96,2026-03-22 19:31:25,ventas,Zapatillas Deportivas,Ropa,45.51,Ana,Martínez,Madrid,True,0.0,4.551,Baja
VEN0111,2025-02-16,20:16,CLI044,PROD043,5,16.69,83.45,0.0,83.45,2026-03-22 19:31:25,ventas,Guía Viajes Europa,Libros,16.69,María,Díaz,Sevilla,False,0.0,0.0,Media
VEN0112,2025-02-23,14:41,CLI011,PROD022,3,11.31,33.93,0.0,33.93,2026-03-22 19:31:25,ventas,Toallas Pack 4,Hogar,11.31,Pedro,Díaz,Madrid,False,0.0,0.0,Baja
VEN0113,2025-02-28,18:54,CLI069,PROD024,4,45.19,180.76,0.1,162.68,2026-03-22 19:31:25,ventas,Cortinas Blackout,Hogar,45.19,Javier,Torres,Barcelona,True,0.0,18.076,Alta
VEN0114,2025-02-11,18:45,CLI098,PROD027,4,17.57,70.28,0.0,70.28,2026-03-22 19:31:25,ventas,Espejo Pared,Hogar,17.57,Carmen,Rodríguez,Murcia,False,0.0,0.0,Media
VEN0115,2025-02-28,16:02,CLI080,PROD038,1,19.45,19.45,0.1,17.5,2026-03-22 19:31:25,ventas,Toalla Microfibra,Deportes,19.45,Luis,Sánchez,Sevilla,True,0.0,1.945,Baja
VEN0116,2025-02-08,18:43,CLI037,PROD033,2,33.46,66.92,0.1,60.23,2026-03-22 19:31:25,ventas,Pesas 2kg Par,Deportes,33.46,Beatriz,Jiménez,Valencia,True,0.0,6.692,Media
VEN0117,2025-02-24,09:27,CLI013,PROD006,1,17.07,17.07,0.1,15.36,2026-03-22 19:31:25,ventas,Cargador Portátil,Electrónica,17.07,Diego,García,Sevilla,True,0.0,1.707,Baja
VEN0118,2025-02-15,10:44,CLI039,PROD037,1,15.72,15.72,0.1,14.15,2026-03-22 19:31:25,ventas,Mochila Deportiva,Deportes,15.72,Isabel,Martínez,Sevilla,True,0.0,1.572,Baja
VEN0119,2025-02-02,13:50,CLI008,PROD033,3,33.46,100.38,0.1,90.34,2026-03-22 19:31:25,ventas,Pesas 2kg Par,Deportes,33.46,Ana,Ramírez,Zaragoza,True,0.0,10.038,Media
VEN0120,2025-02-12,13:27,CLI019,PROD024,2,45.19,90.38,0.1,81.34,2026-03-22 19:31:25,ventas,Cortinas Blackout,Hogar,45.19,Ana,Torres,Sevilla,True,0.0,9.038,Media
VEN0121,2025-02-17,14:36,CLI088,PROD018,2,16.64,33.28,0.0,33.28,2026-03-22 19:31:25,ventas,Bufanda Lana,Ropa,16.64,Pedro,Ramírez,Murcia,False,0.0,0.0,Baja
VEN0122,2025-02-06,10:05,CLI079,PROD030,4,19.67,78.68,0.1,70.81,2026-03-22 19:31:25,ventas,Velas Aromáticas Pack 3,Hogar,19.67,Luis,Díaz,Málaga,True,0.0,7.868000000000001,Media
VEN0123,2025-02-20,18:15,CLI064,PROD042,5,30.13,150.65,0.1,135.58,2026-03-22 19:31:25,ventas,Libro Cocina,Libros,30.13,Luis,Morales,Sevilla,True,0.0,15.065000000000001,Media
VEN0124,2025-02-05,11:29,CLI082,PROD016,3,57.95,173.85,0.0,173.85,2026-03-22 19:31:25,ventas,Gorra Deportiva,Ropa,57.95,Raquel,Rodríguez,Sevilla,False,0.0,0.0,Alta
VEN0125,2025-02-15,12:42,CLI002,PROD003,4,29.51,118.04,0.1,106.24,2026-03-22 19:31:25,ventas,Teclado Mecánico,Electrónica,29.51,Laura,Díaz,Murcia,True,0.0,11.804000000000002,Media
VEN0126,2025-02-10,18:34,CLI021,PROD001,1,56.56,56.56,0.1,50.9,2026-03-22 19:31:25,ventas,Auriculares Bluetooth,Electrónica,56.56,Carlos,Morales,Málaga,True,0.0,5.656000000000001,Media
VEN0127,2025-02-15,13:37,CLI039,PROD022,4,11.31,45.24,0.1,40.72,2026-03-22 19:31:25,ventas,Toallas Pack 4,Hogar,11.31,Isabel,Martínez,Sevilla,True,0.0,4.524,Baja
VEN0128,2025-02-23,12:29,CLI039,PROD029,2,44.39,88.78,0.1,79.9,2026-03-22 19:31:25,ventas,Marco Fotos,Hogar,44.39,Isabel,Martínez,Sevilla,True,0.0,8.878,Media
VEN0129,2025-02-13,21:30,CLI014,PROD010,2,60.59,121.18,0.1,109.06,2026-03-22 19:31:25,ventas,Lámpara LED,Electrónica,60.59,María,Ramírez,Murcia,True,0.0,12.118000000000002,Media
VEN0130,2025-02-13,17:22,CLI074,PROD003,3,29.51,88.53,0.0,88.53,2026-03-22 19:31:25,ventas,Teclado Mecánico,Electrónica,29.51,Fernando,López,Sevilla,False,0.0,0.0,Media
VEN0131,2025-02-23,12:01,CLI085,PROD015,4,25.34,101.36,0.1,91.22,2026-03-22 19:31:25,ventas,Chaqueta Impermeable,Ropa,25.34,Beatriz,Fernández,Madrid,True,0.0,10.136000000000001,Media
VEN0132,2025-02-09,08:36,CLI088,PROD007,1,29.21,29.21,0.0,29.21,2026-03-22 19:31:25,ventas,Memoria USB 32GB,Electrónica,29.21,Pedro,Ramírez,Murcia,False,0.0,0.0,Baja
VEN0133,2025-02-20,19:31,CLI037,PROD016,2,57.95,115.9,0.1,104.31,2026-03-22 19:31:25,ventas,Gorra Deportiva,Ropa,57.95,Beatriz,Jiménez,Valencia,True,0.0,11.590000000000002,Media
VEN0134,2025-02-20,20:22,CLI029,PROD045,2,31.91,63.82,0.1,57.44,2026-03-22 19:31:25,ventas,Manual Python,Libros,31.91,Diego,Morales,Barcelona,True,0.0,6.382000000000001,Media
VEN0135,2025-02-20,12:43,CLI097,PROD025,2,32.25,64.5,0.1,58.05,2026-03-22 19:31:25,ventas,Alfombra Sala,Hogar,32.25,Javier,Díaz,Sevilla,True,0.0,6.45,Media
VEN0136,2025-02-21,09:57,CLI081,PROD037,1,15.72,15.72,0.1,14.15,2026-03-22 19:31:25,ventas,Mochila Deportiva,Deportes,15.72,Carlos,Sánchez,Murcia,True,0.0,1.572,Baja
VEN0137,2025-02-10,20:28,CLI005,PROD024,5,45.19,225.95,0.1,203.36,2026-03-22 19:31:25,ventas,Cortinas Blackout,Hogar,45.19,Beatriz,González,Madrid,True,0.0,22.595,Alta
VEN0138,2025-02-12,19:08,CLI012,PROD028,3,49.38,148.14,0.0,148.14,2026-03-22 19:31:25,ventas,Reloj Pared,Hogar,49.38,Antonio,García,Barcelona,False,0.0,0.0,Media
VEN0139,2025-02-11,19:26,CLI023,PROD027,2,17.57,35.14,0.0,35.14,2026-03-22 19:31:25,ventas,Espejo Pared,Hogar,17.57,Patricia,Torres,Murcia,False,0.0,0.0,Baja
VEN0140,2025-02-05,20:34,CLI047,PROD030,5,19.67,98.35,0.0,98.35,2026-03-22 19:31:25,ventas,Velas Aromáticas Pack 3,Hogar,19.67,Roberto,Flores,Madrid,False,0.0,0.0,Media
VEN0141,2025-02-17,12:53,CLI022,PROD024,3,45.19,135.57,0.1,122.01,2026-03-22 19:31:25,ventas,Cortinas Blackout,Hogar,45.19,Carmen,Ruiz,Murcia,True,0.0,13.557,Media
VEN0142,2025-02-27,15:51,CLI038,PROD049,3,13.49,40.47,0.1,36.42,2026-03-22 19:31:25,ventas,Poesía Clásica,Libros,13.49,Pedro,Martínez,Barcelona,True,0.0,4.047,Baja
VEN0143,2025-02-26,09:29,CLI010,PROD033,2,33.46,66.92,0.0,66.92,2026-03-22 19:31:25,ventas,Pesas 2kg Par,Deportes,33.46,Beatriz,Torres,Sevilla,False,0.0,0.0,Media
VEN0144,2025-02-25,11:55,CLI087,PROD044,4,32.83,131.32,0.0,131.32,2026-03-22 19:31:25,ventas,Biografía Histórica,Libros,32.83,Raquel,Torres,Bilbao,False,0.0,0.0,Media
VEN0145,2025-02-28,20:35,CLI047,PROD009,1,27.92,27.92,0.0,27.92,2026-03-22 19:31:25,ventas,Adaptador HDMI,Electrónica,27.92,Roberto,Flores,Madrid,False,0.0,0.0,Baja
VEN0146,2025-02-26,14:00,CLI034,PROD039,5,34.09,170.45,0.1,153.4,2026-03-22 19:31:25,ventas,Rodilleras,Deportes,34.09,Javier,Ramírez,Murcia,True,0.0,17.044999999999998,Alta
VEN0147,2025-02-04,15:23,CLI087,PROD035,3,12.5,37.5,0.0,37.5,2026-03-22 19:31:25,ventas,Banda Elástica,Deportes,12.5,Raquel,Torres,Bilbao,False,0.0,0.0,Baja
VEN0148,2025-02-19,14:52,CLI082,PROD016,3,57.95,173.85,0.0,173.85,2026-03-22 19:31:25,ventas,Gorra Deportiva,Ropa,57.95,Raquel,Rodríguez,Sevilla,False,0.0,0.0,Alta
VEN0149,2025-02-04,18:14,CLI061,PROD014,1,45.51,45.51,0.1,40.96,2026-03-22 19:31:25,ventas,Zapatillas Deportivas,Ropa,45.51,Ana,López,Málaga,True,0.0,4.551,Baja
VEN0150,2025-02-20,16:20,CLI079,PROD029,2,44.39,88.78,0.1,79.9,2026-03-22 19:31:25,ventas,Marco Fotos,Hogar,44.39,Luis,Díaz,Málaga,True,0.0,8.878,Media
VEN0151,2025-02-21,09:40,CLI060,PROD021,3,13.24,39.72,0.0,39.72,2026-03-22 19:31:25,ventas,Juego Sábanas,Hogar,13.24,Diego,Morales,Valencia,False,0.0,0.0,Baja
VEN0152,2025-02-21,14:07,CLI018,PROD044,1,32.83,32.83,0.0,32.83,2026-03-22 19:31:25,ventas,Biografía Histórica,Libros,32.83,Juan,Sánchez,Sevilla,False,0.0,0.0,Baja
VEN0153,2025-02-02,12:31,CLI015,PROD006,1,17.07,17.07,0.1,15.36,2026-03-22 19:31:25,ventas,Cargador Portátil,Electrónica,17.07,Laura,Ruiz,Murcia,True,0.0,1.707,Baja
VEN0154,2025-02-08,16:08,CLI050,PROD026,4,10.92,43.68,0.0,43.68,2026-03-22 19:31:25,ventas,Lámpara Mesa,Hogar,10.92,Roberto,Sánchez,Málaga,False,0.0,0.0,Baja
VEN0155,2025-02-12,18:47,CLI090,PROD014,5,45.51,227.55,0.0,227.55,2026-03-22 19:31:25,ventas,Zapatillas Deportivas,Ropa,45.51,Diego,González,Murcia,False,0.0,0.0,Alta
VEN0156,2025-02-14,17:47,CLI094,PROD008,2,54.13,108.26,0.1,97.43,2026-03-22 19:31:25,ventas,Hub USB,Electrónica,54.13,Fernando,Fernández,Bilbao,True,0.0,10.826,Media
VEN0157,2025-02-14,18:06,CLI063,PROD003,5,29.51,147.55,0.0,147.55,2026-03-22 19:31:25,ventas,Teclado Mecánico,Electrónica,29.51,Antonio,Sánchez,Sevilla,False,0.0,0.0,Media
VEN0158,2025-02-14,12:02,CLI089,PROD023,3,42.83,128.49,0.0,128.49,2026-03-22 19:31:25,ventas,Cojín Decorativo,Hogar,42.83,Diego,Morales,Zaragoza,False,0.0,0.0,Media
VEN0159,2025-02-07,15:28,CLI031,PROD042,3,30.13,90.39,0.1,81.35,2026-03-22 19:31:25,ventas,Libro Cocina,Libros,30.13,Pedro,Rodríguez,Murcia,True,0.0,9.039,Media
VEN0160,2025-02-04,18:23,CLI070,PROD021,3,13.24,39.72,0.1,35.75,2026-03-22 19:31:25,ventas,Juego Sábanas,Hogar,13.24,Carmen,García,Bilbao,True,0.0,3.972,Baja
VEN0161,2025-02-02,14:17,CLI025,PROD046,1,15.32,15.32,0.1,13.79,2026-03-22 19:31:25,ventas,Libro Autoayuda,Libros,15.32,Miguel,Rodríguez,Bilbao,True,0.0,1.532,Baja
VEN0162,2025-02-28,21:29,CLI012,PROD029,2,44.39,88.78,0.0,88.78,2026-03-22 19:31:25,ventas,Marco Fotos,Hogar,44.39,Antonio,García,Barcelona,False,0.0,0.0,Media
VEN0163,2025-02-21,18:38,CLI003,PROD033,1,33.46,33.46,0.0,33.46,2026-03-22 19:31:25,ventas,Pesas 2kg Par,Deportes,33.46,Juan,López,Valencia,False,0.0,0.0,Baja
VEN0164,2025-02-26,13:15,CLI017,PROD003,5,29.51,147.55,0.0,147.55,2026-03-22 19:31:25,ventas,Teclado Mecánico,Electrónica,29.51,Luis,Rodríguez,Málaga,False,0.0,0.0,Media
VEN0165,2025-02-07,09:53,CLI098,PROD005,5,20.65,103.25,0.0,103.25,2026-03-22 19:31:25,ventas,Cable USB-C,Electrónica,20.65,Carmen,Rodríguez,Murcia,False,0.0,0.0,Media
VEN0166,2025-02-07,17:13,CLI030,PROD030,3,19.67,59.01,0.1,53.11,2026-03-22 19:31:25,ventas,Velas Aromáticas Pack 3,Hogar,19.67,Carlos,Ruiz,Madrid,True,0.0,5.901,Media
VEN0167,2025-02-25,10:50,CLI077,PROD038,1,19.45,19.45,0.1,17.5,2026-03-22 19:31:25,ventas,Toalla Microfibra,Deportes,19.45,Raquel,Fernández,Murcia,True,0.0,1.945,Baja
VEN0168,2025-02-09,21:09,CLI017,PROD022,5,11.31,56.55,0.0,56.55,2026-03-22 19:31:25,ventas,Toallas Pack 4,Hogar,11.31,Luis,Rodríguez,Málaga,False,0.0,0.0,Media
VEN0169,2025-02-09,20:11,CLI015,PROD018,1,16.64,16.64,0.1,14.98,2026-03-22 19:31:25,ventas,Bufanda Lana,Ropa,16.64,Laura,Ruiz,Murcia,True,0.0,1.6640000000000001,Baja
VEN0170,2025-02-05,08:22,CLI031,PROD044,5,32.83,164.15,0.1,147.74,2026-03-22 19:31:25,ventas,Biografía Histórica,Libros,32.83,Pedro,Rodríguez,Murcia,True,0.0,16.415000000000003,Media
VEN0171,2025-02-11,08:11,CLI034,PROD035,1,12.5,12.5,0.1,11.25,2026-03-22 19:31:25,ventas,Banda Elástica,Deportes,12.5,Javier,Ramírez,Murcia,True,0.0,1.25,Baja
VEN0172,2025-02-05,19:26,CLI068,PROD045,1,31.91,31.91,0.0,31.91,2026-03-22 19:31:25,ventas,Manual Python,Libros,31.91,Carlos,Martínez,Bilbao,False,0.0,0.0,Baja
VEN0173,2025-02-24,09:30,CLI058,PROD027,3,17.57,52.71,0.1,47.44,2026-03-22 19:31:25,ventas,Espejo Pared,Hogar,17.57,Carlos,Jiménez,Málaga,True,0.0,5.271000000000001,Baja
VEN0174,2025-02-17,17:06,CLI058,PROD010,5,60.59,302.95,0.1,272.65,2026-03-22 19:31:25,ventas,Lámpara LED,Electrónica,60.59,Carlos,Jiménez,Málaga,True,0.0,30.295,Alta
VEN0175,2025-02-08,17:02,CLI094,PROD006,5,17.07,85.35,0.1,76.82,2026-03-22 19:31:25,ventas,Cargador Portátil,Electrónica,17.07,Fernando,Fernández,Bilbao,True,0.0,8.535,Media
VEN0176,2025-02-10,15:41,CLI004,PROD012,1,25.35,25.35,0.0,25.35,2026-03-22 19:31:25,ventas,Jeans Clásicos,Ropa,25.35,Roberto,Martínez,Bilbao,False,0.0,0.0,Baja
VEN0177,2025-02-16,21:25,CLI055,PROD023,1,42.83,42.83,0.1,38.55,2026-03-22 19:31:25,ventas,Cojín Decorativo,Hogar,42.83,Fernando,García,Barcelona,True,0.0,4.283,Baja
VEN0178,2025-02-16,19:58,CLI057,PROD016,1,57.95,57.95,0.0,57.95,2026-03-22 19:31:25,ventas,Gorra Deportiva,Ropa,57.95,Javier,López,Madrid,False,0.0,0.0,Media
VEN0179,2025-02-03,13:38,CLI019,PROD020,1,47.03,47.03,0.1,42.33,2026-03-22 19:31:25,ventas,Cinturón Cuero,Ropa,47.03,Ana,Torres,Sevilla,True,0.0,4.703,Baja
VEN0180,2025-02-05,12:39,CLI082,PROD009,5,27.92,139.6,0.0,139.6,2026-03-22 19:31:25,ventas,Adaptador HDMI,Electrónica,27.92,Raquel,Rodríguez,Sevilla,False,0.0,0.0,Media
VEN0181,2025-02-18,19:20,CLI049,PROD030,5,19.67,98.35,0.0,98.35,2026-03-22 19:31:25,ventas,Velas Aromáticas Pack 3,Hogar,19.67,Juan,Ramírez,Valencia,False,0.0,0.0,Media
VEN0182,2025-02-17,12:29,CLI065,PROD029,5,44.39,221.95,0.1,199.76,2026-03-22 19:31:25,ventas,Marco Fotos,Hogar,44.39,Sofía,Rodríguez,Málaga,True,0.0,22.195,Alta
VEN0183,2025-02-14,09:50,CLI090,PROD012,1,25.35,25.35,0.0,25.35,2026-03-22 19:31:25,ventas,Jeans Clásicos,Ropa,25.35,Diego,González,Murcia,False,0.0,0.0,Baja
VEN0184,2025-02-28,18:41,CLI099,PROD002,5,63.2,316.0,0.0,316.0,2026-03-22 19:31:25,ventas,Mouse Inalámbrico,Electrónica,63.2,Elena,Ruiz,Bilbao,False,0.0,0.0,Alta
VEN0185,2025-02-24,21:13,CLI056,PROD030,4,19.67,78.68,0.1,70.81,2026-03-22 19:31:25,ventas,Velas Aromáticas Pack 3,Hogar,19.67,Fernando,García,Málaga,True,0.0,7.868000000000001,Media
VEN0186,2025-02-08,14:21,CLI059,PROD029,4,44.39,177.56,0.1,159.8,2026-03-22 19:31:25,ventas,Marco Fotos,Hogar,44.39,Juan,Pérez,Bilbao,True,0.0,17.756,Alta
VEN0187,2025-02-14,19:06,CLI041,PROD013,4,48.42,193.68,0.0,193.68,2026-03-22 19:31:25,ventas,Sudadera con Capucha,Ropa,48.42,Carmen,Sánchez,Málaga,False,0.0,0.0,Alta
VEN0188,2025-02-11,18:16,CLI048,PROD016,2,57.95,115.9,0.1,104.31,2026-03-22 19:31:25,ventas,Gorra Deportiva,Ropa,57.95,Juan,Jiménez,Valencia,True,0.0,11.590000000000002,Media
VEN0189,2025-02-22,15:04,CLI012,PROD044,1,32.83,32.83,0.0,32.83,2026-03-22 19:31:25,ventas,Biografía Histórica,Libros,32.83,Antonio,García,Barcelona,False,0.0,0.0,Baja
VEN0190,2025-02-03,14:06,CLI096,PROD020,3,47.03,141.09,0.0,141.09,2026-03-22 19:31:25,ventas,Cinturón Cuero,Ropa,47.03,Antonio,García,Málaga,False,0.0,0.0,Media
VEN0191,2025-02-26,10:35,CLI008,PROD007,5,29.21,146.05,0.1,131.45,2026-03-22 19:31:25,ventas,Memoria USB 32GB,Electrónica,29.21,Ana,Ramírez,Zaragoza,True,0.0,14.605000000000002,Media
VEN0192,2025-02-18,16:21,CLI086,PROD019,1,40.98,40.98,0.0,40.98,2026-03-22 19:31:25,ventas,Guantes Invierno,Ropa,40.98,Juan,Fernández,Valencia,False,0.0,0.0,Baja
VEN0193,2025-02-14,13:55,CLI086,PROD027,4,17.57,70.28,0.0,70.28,2026-03-22 19:31:25,ventas,Espejo Pared,Hogar,17.57,Juan,Fernández,Valencia,False,0.0,0.0,Media
VEN0194,2025-02-28,19:03,CLI037,PROD010,5,60.59,302.95,0.1,272.65,2026-03-22 19:31:25,ventas,Lámpara LED,Electrónica,60.59,Beatriz,Jiménez,Valencia,True,0.0,30.295,Alta
VEN0195,2025-02-10,13:06,CLI074,PROD016,5,57.95,289.75,0.0,289.75,2026-03-22 19:31:25,ventas,Gorra Deportiva,Ropa,57.95,Fernando,López,Sevilla,False,0.0,0.0,Alta
VEN0196,2025-02-07,10:42,CLI062,PROD011,2,22.58,45.16,0.1,40.64,2026-03-22 19:31:25,ventas,Camiseta Básica,Ropa,22.58,Carmen,López,Barcelona,True,0.0,4.516,Baja
VEN0197,2025-02-28,09:22,CLI072,PROD025,3,32.25,96.75,0.0,96.75,2026-03-22 19:31:25,ventas,Alfombra Sala,Hogar,32.25,Roberto,Pérez,Barcelona,False,0.0,0.0,Media
VEN0198,2025-02-04,20:17,CLI074,PROD025,2,32.25,64.5,0.0,64.5,2026-03-22 19:31:25,ventas,Alfombra Sala,Hogar,32.25,Fernando,López,Sevilla,False,0.0,0.0,Media
VEN0199,2025-02-26,14:54,CLI072,PROD025,5,32.25,161.25,0.0,161.25,2026-03-22 19:31:25,ventas,Alfombra Sala,Hogar,32.25,Roberto,Pérez,Barcelona,False,0.0,0.0,Alta
VEN0200,2025-02-20,18:41,CLI072,PROD044,1,32.83,32.83,0.0,32.83,2026-03-22 19:31:25,ventas,Biografía Histórica,Libros,32.83,Roberto,Pérez,Barcelona,False,0.0,0.0,Baja
VEN0201,2025-02-20,18:53,CLI089,PROD042,3,30.13,90.39,0.0,90.39,2026-03-22 19:31:25,ventas,Libro Cocina,Libros,30.13,Diego,Morales,Zaragoza,False,0.0,0.0,Media
VEN0202,2025-02-01,10:17,CLI090,PROD027,3,17.57,52.71,0.0,52.71,2026-03-22 19:31:25,ventas,Espejo Pared,Hogar,17.57,Diego,González,Murcia,False,0.0,0.0,Media
VEN0203,2025-02-11,13:00,CLI024,PROD017,2,16.91,33.82,0.0,33.82,2026-03-22 19:31:25,ventas,Calcetines Pack 3,Ropa,16.91,Javier,Sánchez,Barcelona,False,0.0,0.0,Baja
VEN0204,2025-02-19,18:25,CLI009,PROD050,2,23.47,46.94,0.0,46.94,2026-03-22 19:31:25,ventas,Thriller Político,Libros,23.47,Beatriz,Jiménez,Barcelona,False,0.0,0.0,Baja
VEN0205,2025-02-24,18:01,CLI012,PROD004,5,58.99,294.95,0.0,294.95,2026-03-22 19:31:25,ventas,Webcam HD,Electrónica,58.99,Antonio,García,Barcelona,False,0.0,0.0,Alta
VEN0206,2025-02-07,14:26,CLI059,PROD043,3,16.69,50.07,0.1,45.06,2026-03-22 19:31:25,ventas,Guía Viajes Europa,Libros,16.69,Juan,Pérez,Bilbao,True,0.0,5.007000000000001,Baja
VEN0207,2025-02-06,13:19,CLI093,PROD035,3,12.5,37.5,0.0,37.5,2026-03-22 19:31:25,ventas,Banda Elástica,Deportes,12.5,Sofía,Martínez,Bilbao,False,0.0,0.0,Baja
VEN0208,2025-02-25,17:38,CLI011,PROD004,1,58.99,58.99,0.0,58.99,2026-03-22 19:31:25,ventas,Webcam HD,Electrónica,58.99,Pedro,Díaz,Madrid,False,0.0,0.0,Media
VEN0209,2025-02-05,10:48,CLI080,PROD028,1,49.38,49.38,0.1,44.44,2026-03-22 19:31:25,ventas,Reloj Pared,Hogar,49.38,Luis,Sánchez,Sevilla,True,0.0,4.938000000000001,Baja
VEN0210,2025-02-22,09:17,CLI057,PROD021,4,13.24,52.96,0.0,52.96,2026-03-22 19:31:25,ventas,Juego Sábanas,Hogar,13.24,Javier,López,Madrid,False,0.0,0.0,Media
VEN0211,2025-02-16,17:28,CLI054,PROD023,3,42.83,128.49,0.0,128.49,2026-03-22 19:31:25,ventas,Cojín Decorativo,Hogar,42.83,Pedro,Ramírez,Murcia,False,0.0,0.0,Media
VEN0212,2025-02-07,20:32,CLI015,PROD045,3,31.91,95.73,0.1,86.16,2026-03-22 19:31:25,ventas,Manual Python,Libros,31.91,Laura,Ruiz,Murcia,True,0.0,9.573,Media
VEN0213,2025-02-14,09:18,CLI087,PROD008,5,54.13,270.65,0.0,270.65,2026-03-22 19:31:25,ventas,Hub USB,Electrónica,54.13,Raquel,Torres,Bilbao,False,0.0,0.0,Alta
VEN0214,2025-02-16,16:42,CLI040,PROD025,1,32.25,32.25,0.0,32.25,2026-03-22 19:31:25,ventas,Alfombra Sala,Hogar,32.25,Roberto,Martínez,Bilbao,False,0.0,0.0,Baja
VEN0215,2025-02-08,14:38,CLI008,PROD034,1,42.78,42.78,0.1,38.5,2026-03-22 19:31:25,ventas,Cuerda Saltar,Deportes,42.78,Ana,Ramírez,Zaragoza,True,0.0,4.2780000000000005,Baja
VEN0216,2025-02-07,12:13,CLI099,PROD031,2,39.19,78.38,0.0,78.38,2026-03-22 19:31:25,ventas,Botella Agua 1L,Deportes,39.19,Elena,Ruiz,Bilbao,False,0.0,0.0,Media
VEN0217,2025-02-25,12:18,CLI042,PROD048,1,21.47,21.47,0.0,21.47,2026-03-22 19:31:25,ventas,Enciclopedia Natural,Libros,21.47,Isabel,López,Zaragoza,False,0.0,0.0,Baja
VEN0218,2025-02-01,15:47,CLI056,PROD048,2,21.47,42.94,0.1,38.65,2026-03-22 19:31:25,ventas,Enciclopedia Natural,Libros,21.47,Fernando,García,Málaga,True,0.0,4.294,Baja
VEN0219,2025-02-05,14:34,CLI091,PROD035,2,12.5,25.0,0.1,22.5,2026-03-22 19:31:25,ventas,Banda Elástica,Deportes,12.5,Diego,González,Málaga,True,0.0,2.5,Baja
VEN0220,2025-02-17,16:53,CLI086,PROD021,3,13.24,39.72,0.0,39.72,2026-03-22 19:31:25,ventas,Juego Sábanas,Hogar,13.24,Juan,Fernández,Valencia,False,0.0,0.0,Baja
VEN0221,2025-02-03,14:55,CLI095,PROD002,1,63.2,63.2,0.0,63.2,2026-03-22 19:31:25,ventas,Mouse Inalámbrico,Electrónica,63.2,Javier,Rodríguez,Madrid,False,0.0,0.0,Media
VEN0222,2025-02-14,08:29,CLI010,PROD045,3,31.91,95.73,0.0,95.73,2026-03-22 19:31:25,ventas,Manual Python,Libros,31.91,Beatriz,Torres,Sevilla,False,0.0,0.0,Media
VEN0223,2025-02-19,14:36,CLI052,PROD046,4,15.32,61.28,0.1,55.15,2026-03-22 19:31:25,ventas,Libro Autoayuda,Libros,15.32,Javier,Morales,Zaragoza,True,0.0,6.128,Media
VEN0224,2025-02-10,09:25,CLI003,PROD017,3,16.91,50.73,0.0,50.73,2026-03-22 19:31:25,ventas,Calcetines Pack 3,Ropa,16.91,Juan,López,Valencia,False,0.0,0.0,Media
VEN0225,2025-02-06,20:39,CLI059,PROD020,3,47.03,141.09,0.1,126.98,2026-03-22 19:31:25,ventas,Cinturón Cuero,Ropa,47.03,Juan,Pérez,Bilbao,True,0.0,14.109000000000002,Media
VEN0226,2025-02-03,14:54,CLI014,PROD020,2,47.03,94.06,0.1,84.65,2026-03-22 19:31:25,ventas,Cinturón Cuero,Ropa,47.03,María,Ramírez,Murcia,True,0.0,9.406,Media
VEN0227,2025-02-14,17:25,CLI068,PROD032,1,22.96,22.96,0.0,22.96,2026-03-22 19:31:25,ventas,Yoga Mat,Deportes,22.96,Carlos,Martínez,Bilbao,False,0.0,0.0,Baja
VEN0228,2025-02-13,21:19,CLI096,PROD026,3,10.92,32.76,0.0,32.76,2026-03-22 19:31:25,ventas,Lámpara Mesa,Hogar,10.92,Antonio,García,Málaga,False,0.0,0.0,Baja
VEN0229,2025-02-08,13:49,CLI022,PROD042,1,30.13,30.13,0.1,27.12,2026-03-22 19:31:25,ventas,Libro Cocina,Libros,30.13,Carmen,Ruiz,Murcia,True,0.0,3.013,Baja
VEN0230,2025-02-17,18:07,CLI068,PROD022,5,11.31,56.55,0.0,56.55,2026-03-22 19:31:25,ventas,Toallas Pack 4,Hogar,11.31,Carlos,Martínez,Bilbao,False,0.0,0.0,Media
VEN0231,2025-02-07,20:22,CLI045,PROD046,2,15.32,30.64,0.1,27.58,2026-03-22 19:31:25,ventas,Libro Autoayuda,Libros,15.32,Laura,Jiménez,Málaga,True,0.0,3.064,Baja
VEN0232,2025-02-08,09:09,CLI033,PROD038,2,19.45,38.9,0.0,38.9,2026-03-22 19:31:25,ventas,Toalla Microfibra,Deportes,19.45,Ana,Rodríguez,Zaragoza,False,0.0,0.0,Baja
VEN0233,2025-02-06,17:09,CLI098,PROD050,1,23.47,23.47,0.0,23.47,2026-03-22 19:31:25,ventas,Thriller Político,Libros,23.47,Carmen,Rodríguez,Murcia,False,0.0,0.0,Baja
VEN0234,2025-02-06,20:40,CLI064,PROD021,4,13.24,52.96,0.1,47.66,2026-03-22 19:31:25,ventas,Juego Sábanas,Hogar,13.24,Luis,Morales,Sevilla,True,0.0,5.296,Baja
VEN0235,2025-02-25,17:48,CLI075,PROD007,4,29.21,116.84,0.1,105.16,2026-03-22 19:31:25,ventas,Memoria USB 32GB,Electrónica,29.21,Pedro,Torres,Zaragoza,True,0.0,11.684000000000001,Media
VEN0236,2025-02-22,17:41,CLI082,PROD050,5,23.47,117.35,0.0,117.35,2026-03-22 19:31:25,ventas,Thriller Político,Libros,23.47,Raquel,Rodríguez,Sevilla,False,0.0,0.0,Media
VEN0237,2025-02-11,21:40,CLI041,PROD039,2,34.09,68.18,0.0,68.18,2026-03-22 19:31:25,ventas,Rodilleras,Deportes,34.09,Carmen,Sánchez,Málaga,False,0.0,0.0,Media
VEN0238,2025-02-15,09:30,CLI057,PROD023,3,42.83,128.49,0.0,128.49,2026-03-22 19:31:25,ventas,Cojín Decorativo,Hogar,42.83,Javier,López,Madrid,False,0.0,0.0,Media
VEN0239,2025-02-26,12:37,CLI008,PROD014,3,45.51,136.53,0.1,122.88,2026-03-22 19:31:25,ventas,Zapatillas Deportivas,Ropa,45.51,Ana,Ramírez,Zaragoza,True,0.0,13.653,Media
VEN0240,2025-02-17,09:19,CLI060,PROD018,4,16.64,66.56,0.0,66.56,2026-03-22 19:31:25,ventas,Bufanda Lana,Ropa,16.64,Diego,Morales,Valencia,False,0.0,0.0,Media
VEN0241,2025-02-02,08:23,CLI037,PROD034,1,42.78,42.78,0.1,38.5,2026-03-22 19:31:25,ventas,Cuerda Saltar,Deportes,42.78,Beatriz,Jiménez,Valencia,True,0.0,4.2780000000000005,Baja
VEN0242,2025-02-21,21:54,CLI012,PROD015,5,25.34,126.7,0.0,126.7,2026-03-22 19:31:25,ventas,Chaqueta Impermeable,Ropa,25.34,Antonio,García,Barcelona,False,0.0,0.0,Media
VEN0243,2025-02-20,16:24,CLI060,PROD044,5,32.83,164.15,0.0,164.15,2026-03-22 19:31:25,ventas,Biografía Histórica,Libros,32.83,Diego,Morales,Valencia,False,0.0,0.0,Alta
VEN0244,2025-02-18,20:47,CLI006,PROD002,4,63.2,252.8,0.0,252.8,2026-03-22 19:31:25,ventas,Mouse Inalámbrico,Electrónica,63.2,Fernando,Flores,Zaragoza,False,0.0,0.0,Alta
VEN0245,2025-02-26,17:41,CLI025,PROD011,3,22.58,67.74,0.1,60.97,2026-03-22 19:31:25,ventas,Camiseta Básica,Ropa,22.58,Miguel,Rodríguez,Bilbao,True,0.0,6.774,Media
VEN0246,2025-02-20,15:32,CLI020,PROD030,1,19.67,19.67,0.1,17.7,2026-03-22 19:31:25,ventas,Velas Aromáticas Pack 3,Hogar,19.67,Ana,Martínez,Madrid,True,0.0,1.9670000000000003,Baja
VEN0247,2025-02-15,09:51,CLI044,PROD022,1,11.31,11.31,0.0,11.31,2026-03-22 19:31:25,ventas,Toallas Pack 4,Hogar,11.31,María,Díaz,Sevilla,False,0.0,0.0,Baja
VEN0248,2025-02-17,18:11,CLI006,PROD035,2,12.5,25.0,0.0,25.0,2026-03-22 19:31:25,ventas,Banda Elástica,Deportes,12.5,Fernando,Flores,Zaragoza,False,0.0,0.0,Baja
VEN0249,2025-02-23,15:28,CLI068,PROD039,5,34.09,170.45,0.0,170.45,2026-03-22 19:31:25,ventas,Rodilleras,Deportes,34.09,Carlos,Martínez,Bilbao,False,0.0,0.0,Alta
VEN0250,2025-02-20,10:23,CLI048,PROD037,3,15.72,47.16,0.1,42.44,2026-03-22 19:31:25,ventas,Mochila Deportiva,Deportes,15.72,Juan,Jiménez,Valencia,True,0.0,4.716,Baja
VEN0251,2025-02-13,14:49,CLI044,PROD022,5,11.31,56.55,0.0,56.55,2026-03-22 19:31:25,ventas,Toallas Pack 4,Hogar,11.31,María,Díaz,Sevilla,False,0.0,0.0,Media
VEN0252,2025-02-02,20:40,CLI083,PROD046,3,15.32,45.96,0.1,41.36,2026-03-22 19:31:25,ventas,Libro Autoayuda,Libros,15.32,Antonio,Rodríguez,Sevilla,True,0.0,4.596,Baja
VEN0253,2025-02-03,13:06,CLI072,PROD004,4,58.99,235.96,0.0,235.96,2026-03-22 19:31:25,ventas,Webcam HD,Electrónica,58.99,Roberto,Pérez,Barcelona,False,0.0,0.0,Alta
VEN0254,2025-02-10,12:46,CLI085,PROD046,5,15.32,76.6,0.1,68.94,2026-03-22 19:31:25,ventas,Libro Autoayuda,Libros,15.32,Beatriz,Fernández,Madrid,True,0.0,7.66,Media
VEN0255,2025-02-28,10:21,CLI011,PROD039,5,34.09,170.45,0.0,170.45,2026-03-22 19:31:25,ventas,Rodilleras,Deportes,34.09,Pedro,Díaz,Madrid,False,0.0,0.0,Alta
VEN0256,2025-02-22,10:58,CLI045,PROD015,3,25.34,76.02,0.1,68.42,2026-03-22 19:31:25,ventas,Chaqueta Impermeable,Ropa,25.34,Laura,Jiménez,Málaga,True,0.0,7.602,Media
VEN0257,2025-02-21,19:42,CLI051,PROD040,2,33.96,67.92,0.1,61.13,2026-03-22 19:31:25,ventas,Cronómetro Digital,Deportes,33.96,Beatriz,Fernández,Zaragoza,True,0.0,6.792000000000001,Media
VEN0258,2025-02-20,19:05,CLI040,PROD046,5,15.32,76.6,0.0,76.6,2026-03-22 19:31:25,ventas,Libro Autoayuda,Libros,15.32,Roberto,Martínez,Bilbao,False,0.0,0.0,Media
VEN0259,2025-02-13,18:50,CLI043,PROD011,2,22.58,45.16,0.1,40.64,2026-03-22 19:31:25,ventas,Camiseta Básica,Ropa,22.58,María,García,Murcia,True,0.0,4.516,Baja
VEN0260,2025-02-22,19:53,CLI095,PROD024,5,45.19,225.95,0.0,225.95,2026-03-22 19:31:25,ventas,Cortinas Blackout,Hogar,45.19,Javier,Rodríguez,Madrid,False,0.0,0.0,Alta
VEN0261,2025-02-03,18:42,CLI055,PROD030,5,19.67,98.35,0.1,88.52,2026-03-22 19:31:25,ventas,Velas Aromáticas Pack 3,Hogar,19.67,Fernando,García,Barcelona,True,0.0,9.835,Media
VEN0262,2025-02-12,08:23,CLI040,PROD039,2,34.09,68.18,0.0,68.18,2026-03-22 19:31:25,ventas,Rodilleras,Deportes,34.09,Roberto,Martínez,Bilbao,False,0.0,0.0,Media
VEN0263,2025-02-07,13:49,CLI063,PROD035,2,12.5,25.0,0.0,25.0,2026-03-22 19:31:25,ventas,Banda Elástica,Deportes,12.5,Antonio,Sánchez,Sevilla,False,0.0,0.0,Baja
VEN0264,2025-02-08,10:09,CLI010,PROD037,3,15.72,47.16,0.0,47.16,2026-03-22 19:31:25,ventas,Mochila Deportiva,Deportes,15.72,Beatriz,Torres,Sevilla,False,0.0,0.0,Baja
VEN0265,2025-02-28,20:06,CLI065,PROD044,5,32.83,164.15,0.1,147.74,2026-03-22 19:31:25,ventas,Biografía Histórica,Libros,32.83,Sofía,Rodríguez,Málaga,True,0.0,16.415000000000003,Media
VEN0266,2025-02-27,19:56,CLI068,PROD014,1,45.51,45.51,0.0,45.51,2026-03-22 19:31:25,ventas,Zapatillas Deportivas,Ropa,45.51,Carlos,Martínez,Bilbao,False,0.0,0.0,Baja
VEN0267,2025-02-22,13:56,CLI099,PROD009,5,27.92,139.6,0.0,139.6,2026-03-22 19:31:25,ventas,Adaptador HDMI,Electrónica,27.92,Elena,Ruiz,Bilbao,False,0.0,0.0,Media
VEN0268,2025-02-05,17:24,CLI020,PROD016,2,57.95,115.9,0.1,104.31,2026-03-22 19:31:25,ventas,Gorra Deportiva,Ropa,57.95,Ana,Martínez,Madrid,True,0.0,11.590000000000002,Media
VEN0269,2025-02-06,21:44,CLI099,PROD046,5,15.32,76.6,0.0,76.6,2026-03-22 19:31:25,ventas,Libro Autoayuda,Libros,15.32,Elena,Ruiz,Bilbao,False,0.0,0.0,Media
VEN0270,2025-02-26,10:46,CLI057,PROD023,1,42.83,42.83,0.0,42.83,2026-03-22 19:31:25,ventas,Cojín Decorativo,Hogar,42.83,Javier,López,Madrid,False,0.0,0.0,Baja
VEN0271,2025-02-14,13:43,CLI093,PROD040,2,33.96,67.92,0.0,67.92,2026-03-22 19:31:25,ventas,Cronómetro Digital,Deportes,33.96,Sofía,Martínez,Bilbao,False,0.0,0.0,Media
VEN0272,2025-02-15,17:18,CLI097,PROD002,4,63.2,252.8,0.1,227.52,2026-03-22 19:31:25,ventas,Mouse Inalámbrico,Electrónica,63.2,Javier,Díaz,Sevilla,True,0.0,25.28,Alta
VEN0273,2025-02-08,16:15,CLI040,PROD014,4,45.51,182.04,0.0,182.04,2026-03-22 19:31:25,ventas,Zapatillas Deportivas,Ropa,45.51,Roberto,Martínez,Bilbao,False,0.0,0.0,Alta
VEN0274,2025-02-27,11:23,CLI087,PROD002,5,63.2,316.0,0.0,316.0,2026-03-22 19:31:25,ventas,Mouse Inalámbrico,Electrónica,63.2,Raquel,Torres,Bilbao,False,0.0,0.0,Alta
VEN0275,2025-02-15,15:49,CLI037,PROD043,4,16.69,66.76,0.1,60.08,2026-03-22 19:31:25,ventas,Guía Viajes Europa,Libros,16.69,Beatriz,Jiménez,Valencia,True,0.0,6.676000000000001,Media
VEN0276,2025-02-17,16:26,CLI021,PROD031,2,39.19,78.38,0.1,70.54,2026-03-22 19:31:25,ventas,Botella Agua 1L,Deportes,39.19,Carlos,Morales,Málaga,True,0.0,7.838,Media
VEN0277,2025-02-26,17:08,CLI033,PROD035,1,12.5,12.5,0.0,12.5,2026-03-22 19:31:25,ventas,Banda Elástica,Deportes,12.5,Ana,Rodríguez,Zaragoza,False,0.0,0.0,Baja
VEN0278,2025-02-21,15:55,CLI048,PROD036,5,15.99,79.95,0.1,71.96,2026-03-22 19:31:25,ventas,Guantes Gym,Deportes,15.99,Juan,Jiménez,Valencia,True,0.0,7.995000000000001,Media
VEN0279,2025-02-04,19:54,CLI067,PROD012,1,25.35,25.35,0.0,25.35,2026-03-22 19:31:25,ventas,Jeans Clásicos,Ropa,25.35,Ana,Martínez,Zaragoza,False,0.0,0.0,Baja
VEN0280,2025-02-10,09:48,CLI021,PROD020,3,47.03,141.09,0.1,126.98,2026-03-22 19:31:25,ventas,Cinturón Cuero,Ropa,47.03,Carlos,Morales,Málaga,True,0.0,14.109000000000002,Media
VEN0281,2025-02-15,16:09,CLI056,PROD047,1,19.89,19.89,0.1,17.9,2026-03-22 19:31:25,ventas,Cómic Aventuras,Libros,19.89,Fernando,García,Málaga,True,0.0,1.989,Baja
VEN0282,2025-02-08,21:28,CLI045,PROD023,1,42.83,42.83,0.1,38.55,2026-03-22 19:31:25,ventas,Cojín Decorativo,Hogar,42.83,Laura,Jiménez,Málaga,True,0.0,4.283,Baja
VEN0283,2025-02-14,08:25,CLI065,PROD026,3,10.92,32.76,0.1,29.48,2026-03-22 19:31:25,ventas,Lámpara Mesa,Hogar,10.92,Sofía,Rodríguez,Málaga,True,0.0,3.276,Baja
VEN0284,2025-02-08,14:05,CLI048,PROD022,2,11.31,22.62,0.1,20.36,2026-03-22 19:31:25,ventas,Toallas Pack 4,Hogar,11.31,Juan,Jiménez,Valencia,True,0.0,2.262,Baja
VEN0285,2025-02-01,13:59,CLI013,PROD009,3,27.92,83.76,0.1,75.38,2026-03-22 19:31:25,ventas,Adaptador HDMI,Electrónica,27.92,Diego,García,Sevilla,True,0.0,8.376000000000001,Media
VEN0286,2025-02-26,10:08,CLI005,PROD050,3,23.47,70.41,0.1,63.37,2026-03-22 19:31:25,ventas,Thriller Político,Libros,23.47,Beatriz,González,Madrid,True,0.0,7.041,Media
VEN0287,2025-02-27,15:44,CLI018,PROD048,4,21.47,85.88,0.0,85.88,2026-03-22 19:31:25,ventas,Enciclopedia Natural,Libros,21.47,Juan,Sánchez,Sevilla,False,0.0,0.0,Media
VEN0288,2025-02-15,17:00,CLI011,PROD041,1,15.73,15.73,0.0,15.73,2026-03-22 19:31:25,ventas,Novela Misterio,Libros,15.73,Pedro,Díaz,Madrid,False,0.0,0.0,Baja
VEN0289,2025-02-09,11:53,CLI020,PROD001,5,56.56,282.8,0.1,254.52,2026-03-22 19:31:25,ventas,Auriculares Bluetooth,Electrónica,56.56,Ana,Martínez,Madrid,True,0.0,28.28,Alta
VEN0290,2025-02-24,17:33,CLI055,PROD001,1,56.56,56.56,0.1,50.9,2026-03-22 19:31:25,ventas,Auriculares Bluetooth,Electrónica,56.56,Fernando,García,Barcelona,True,0.0,5.656000000000001,Media
VEN0291,2025-02-25,12:15,CLI039,PROD043,1,16.69,16.69,0.1,15.02,2026-03-22 19:31:25,ventas,Guía Viajes Europa,Libros,16.69,Isabel,Martínez,Sevilla,True,0.0,1.6690000000000003,Baja
VEN0292,2025-02-02,11:26,CLI082,PROD041,5,15.73,78.65,0.0,78.65,2026-03-22 19:31:25,ventas,Novela Misterio,Libros,15.73,Raquel,Rodríguez,Sevilla,False,0.0,0.0,Media
VEN0293,2025-02-15,09:07,CLI064,PROD005,5,20.65,103.25,0.1,92.92,2026-03-22 19:31:25,ventas,Cable USB-C,Electrónica,20.65,Luis,Morales,Sevilla,True,0.0,10.325000000000001,Media
VEN0294,2025-02-18,08:40,CLI066,PROD015,5,25.34,126.7,0.0,126.7,2026-03-22 19:31:25,ventas,Chaqueta Impermeable,Ropa,25.34,Carmen,Pérez,Bilbao,False,0.0,0.0,Media
VEN0295,2025-02-08,19:09,CLI038,PROD020,4,47.03,188.12,0.1,169.31,2026-03-22 19:31:25,ventas,Cinturón Cuero,Ropa,47.03,Pedro,Martínez,Barcelona,True,0.0,18.812,Alta
VEN0296,2025-02-01,17:22,CLI031,PROD004,5,58.99,294.95,0.1,265.46,2026-03-22 19:31:25,ventas,Webcam HD,Electrónica,58.99,Pedro,Rodríguez,Murcia,True,0.0,29.495,Alta
VEN0297,2025-02-14,10:42,CLI086,PROD017,1,16.91,16.91,0.0,16.91,2026-03-22 19:31:25,ventas,Calcetines Pack 3,Ropa,16.91,Juan,Fernández,Valencia,False,0.0,0.0,Baja
VEN0298,2025-02-17,13:04,CLI068,PROD009,5,27.92,139.6,0.0,139.6,2026-03-22 19:31:25,ventas,Adaptador HDMI,Electrónica,27.92,Carlos,Martínez,Bilbao,False,0.0,0.0,Media
VEN0299,2025-02-17,20:32,CLI071,PROD027,1,17.57,17.57,0.0,17.57,2026-03-22 19:31:25,ventas,Espejo Pared,Hogar,17.57,Miguel,Rodríguez,Barcelona,False,0.0,0.0,Baja
VEN0300,2025-02-13,21:30,CLI006,PROD011,4,22.58,90.32,0.0,90.32,2026-03-22 19:31:25,ventas,Camiseta Básica,Ropa,22.58,Fernando,Flores,Zaragoza,False,0.0,0.0,Media
VEN0301,2025-02-12,12:47,CLI003,PROD032,3,22.96,68.88,0.0,68.88,2026-03-22 19:31:25,ventas,Yoga Mat,Deportes,22.96,Juan,López,Valencia,False,0.0,0.0,Media
VEN0302,2025-02-26,09:22,CLI031,PROD014,1,45.51,45.51,0.1,40.96,2026-03-22 19:31:25,ventas,Zapatillas Deportivas,Ropa,45.51,Pedro,Rodríguez,Murcia,True,0.0,4.551,Baja
VEN0303,2025-02-25,17:47,CLI097,PROD017,3,16.91,50.73,0.1,45.66,2026-03-22 19:31:25,ventas,Calcetines Pack 3,Ropa,16.91,Javier,Díaz,Sevilla,True,0.0,5.073,Baja
VEN0304,2025-02-05,08:22,CLI070,PROD014,3,45.51,136.53,0.1,122.88,2026-03-22 19:31:25,ventas,Zapatillas Deportivas,Ropa,45.51,Carmen,García,Bilbao,True,0.0,13.653,Media
VEN0305,2025-02-27,18:11,CLI100,PROD029,4,44.39,177.56,0.1,159.8,2026-03-22 19:31:25,ventas,Marco Fotos,Hogar,44.39,Laura,Torres,Madrid,True,0.0,17.756,Alta
VEN0306,2025-02-23,15:40,CLI024,PROD001,2,56.56,113.12,0.0,113.12,2026-03-22 19:31:25,ventas,Auriculares Bluetooth,Electrónica,56.56,Javier,Sánchez,Barcelona,False,0.0,0.0,Media
VEN0307,2025-02-03,19:49,CLI059,PROD012,1,25.35,25.35,0.1,22.82,2026-03-22 19:31:25,ventas,Jeans Clásicos,Ropa,25.35,Juan,Pérez,Bilbao,True,0.0,2.535,Baja
VEN0308,2025-02-10,11:02,CLI026,PROD023,1,42.83,42.83,0.1,38.55,2026-03-22 19:31:25,ventas,Cojín Decorativo,Hogar,42.83,Juan,García,Bilbao,True,0.0,4.283,Baja
VEN0309,2025-02-11,12:32,CLI051,PROD049,5,13.49,67.45,0.1,60.71,2026-03-22 19:31:25,ventas,Poesía Clásica,Libros,13.49,Beatriz,Fernández,Zaragoza,True,0.0,6.745000000000001,Media
VEN0310,2025-02-16,12:02,CLI097,PROD010,2,60.59,121.18,0.1,109.06,2026-03-22 19:31:25,ventas,Lámpara LED,Electrónica,60.59,Javier,Díaz,Sevilla,True,0.0,12.118000000000002,Media
VEN0311,2025-02-10,13:55,CLI100,PROD031,1,39.19,39.19,0.1,35.27,2026-03-22 19:31:25,ventas,Botella Agua 1L,Deportes,39.19,Laura,Torres,Madrid,True,0.0,3.919,Baja
VEN0312,2025-02-28,18:21,CLI035,PROD024,1,45.19,45.19,0.1,40.67,2026-03-22 19:31:25,ventas,Cortinas Blackout,Hogar,45.19,Luis,Sánchez,Madrid,True,0.0,4.519,Baja
VEN0313,2025-02-26,13:27,CLI052,PROD038,4,19.45,77.8,0.1,70.02,2026-03-22 19:31:25,ventas,Toalla Microfibra,Deportes,19.45,Javier,Morales,Zaragoza,True,0.0,7.78,Media
VEN0314,2025-02-13,13:11,CLI064,PROD028,4,49.38,197.52,0.1,177.77,2026-03-22 19:31:25,ventas,Reloj Pared,Hogar,49.38,Luis,Morales,Sevilla,True,0.0,19.752000000000002,Alta
VEN0315,2025-02-12,20:33,CLI035,PROD026,1,10.92,10.92,0.1,9.83,2026-03-22 19:31:25,ventas,Lámpara Mesa,Hogar,10.92,Luis,Sánchez,Madrid,True,0.0,1.092,Baja
VEN0316,2025-02-24,14:05,CLI056,PROD003,5,29.51,147.55,0.1,132.8,2026-03-22 19:31:25,ventas,Teclado Mecánico,Electrónica,29.51,Fernando,García,Málaga,True,0.0,14.755000000000003,Media
VEN0317,2025-02-27,10:34,CLI038,PROD047,3,19.89,59.67,0.1,53.7,2026-03-22 19:31:25,ventas,Cómic Aventuras,Libros,19.89,Pedro,Martínez,Barcelona,True,0.0,5.9670000000000005,Media
VEN0318,2025-02-04,09:20,CLI085,PROD043,3,16.69,50.07,0.1,45.06,2026-03-22 19:31:25,ventas,Guía Viajes Europa,Libros,16.69,Beatriz,Fernández,Madrid,True,0.0,5.007000000000001,Baja
VEN0319,2025-02-10,15:38,CLI092,PROD014,4,45.51,182.04,0.1,163.84,2026-03-22 19:31:25,ventas,Zapatillas Deportivas,Ropa,45.51,Laura,López,Sevilla,True,0.0,18.204,Alta
VEN0320,2025-02-06,19:28,CLI045,PROD032,4,22.96,91.84,0.1,82.66,2026-03-22 19:31:25,ventas,Yoga Mat,Deportes,22.96,Laura,Jiménez,Málaga,True,0.0,9.184000000000001,Media
VEN0321,2025-02-02,19:55,CLI046,PROD016,5,57.95,289.75,0.0,289.75,2026-03-22 19:31:25,ventas,Gorra Deportiva,Ropa,57.95,Miguel,González,Valencia,False,0.0,0.0,Alta
VEN0322,2025-02-14,12:40,CLI008,PROD018,1,16.64,16.64,0.1,14.98,2026-03-22 19:31:25,ventas,Bufanda Lana,Ropa,16.64,Ana,Ramírez,Zaragoza,True,0.0,1.6640000000000001,Baja
VEN0323,2025-02-22,18:25,CLI047,PROD037,5,15.72,78.6,0.0,78.6,2026-03-22 19:31:25,ventas,Mochila Deportiva,Deportes,15.72,Roberto,Flores,Madrid,False,0.0,0.0,Media
VEN0324,2025-02-26,19:43,CLI021,PROD003,1,29.51,29.51,0.1,26.56,2026-03-22 19:31:25,ventas,Teclado Mecánico,Electrónica,29.51,Carlos,Morales,Málaga,True,0.0,2.9510000000000005,Baja
VEN0325,2025-02-05,21:38,CLI087,PROD014,4,45.51,182.04,0.0,182.04,2026-03-22 19:31:25,ventas,Zapatillas Deportivas,Ropa,45.51,Raquel,Torres,Bilbao,False,0.0,0.0,Alta
VEN0326,2025-02-02,10:04,CLI031,PROD002,3,63.2,189.6,0.1,170.64,2026-03-22 19:31:25,ventas,Mouse Inalámbrico,Electrónica,63.2,Pedro,Rodríguez,Murcia,True,0.0,18.96,Alta
VEN0327,2025-02-12,14:36,CLI005,PROD045,5,31.91,159.55,0.1,143.6,2026-03-22 19:31:25,ventas,Manual Python,Libros,31.91,Beatriz,González,Madrid,True,0.0,15.955000000000002,Media
VEN0328,2025-02-05,18:28,CLI048,PROD043,3,16.69,50.07,0.1,45.06,2026-03-22 19:31:25,ventas,Guía Viajes Europa,Libros,16.69,Juan,Jiménez,Valencia,True,0.0,5.007000000000001,Baja
VEN0329,2025-02-15,20:04,CLI074,PROD036,2,15.99,31.98,0.0,31.98,2026-03-22 19:31:25,ventas,Guantes Gym,Deportes,15.99,Fernando,López,Sevilla,False,0.0,0.0,Baja
VEN0330,2025-02-17,13:25,CLI041,PROD034,3,42.78,128.34,0.0,128.34,2026-03-22 19:31:25,ventas,Cuerda Saltar,Deportes,42.78,Carmen,Sánchez,Málaga,False,0.0,0.0,Media
VEN0331,2025-02-08,09:01,CLI095,PROD046,2,15.32,30.64,0.0,30.64,2026-03-22 19:31:25,ventas,Libro Autoayuda,Libros,15.32,Javier,Rodríguez,Madrid,False,0.0,0.0,Baja
VEN0332,2025-02-16,16:24,CLI072,PROD002,1,63.2,63.2,0.0,63.2,2026-03-22 19:31:25,ventas,Mouse Inalámbrico,Electrónica,63.2,Roberto,Pérez,Barcelona,False,0.0,0.0,Media
VEN0333,2025-02-09,20:16,CLI091,PROD026,4,10.92,43.68,0.1,39.31,2026-03-22 19:31:25,ventas,Lámpara Mesa,Hogar,10.92,Diego,González,Málaga,True,0.0,4.368,Baja
VEN0334,2025-02-07,17:18,CLI089,PROD026,4,10.92,43.68,0.0,43.68,2026-03-22 19:31:25,ventas,Lámpara Mesa,Hogar,10.92,Diego,Morales,Zaragoza,False,0.0,0.0,Baja
VEN0335,2025-02-07,09:08,CLI010,PROD041,4,15.73,62.92,0.0,62.92,2026-03-22 19:31:25,ventas,Novela Misterio,Libros,15.73,Beatriz,Torres,Sevilla,False,0.0,0.0,Media
VEN0336,2025-02-06,19:28,CLI012,PROD014,3,45.51,136.53,0.0,136.53,2026-03-22 19:31:25,ventas,Zapatillas Deportivas,Ropa,45.51,Antonio,García,Barcelona,False,0.0,0.0,Media
VEN0337,2025-02-22,13:45,CLI009,PROD043,5,16.69,83.45,0.0,83.45,2026-03-22 19:31:25,ventas,Guía Viajes Europa,Libros,16.69,Beatriz,Jiménez,Barcelona,False,0.0,0.0,Media
VEN0338,2025-02-18,12:57,CLI039,PROD010,2,60.59,121.18,0.1,109.06,2026-03-22 19:31:25,ventas,Lámpara LED,Electrónica,60.59,Isabel,Martínez,Sevilla,True,0.0,12.118000000000002,Media
VEN0339,2025-02-23,19:59,CLI090,PROD039,2,34.09,68.18,0.0,68.18,2026-03-22 19:31:25,ventas,Rodilleras,Deportes,34.09,Diego,González,Murcia,False,0.0,0.0,Media
VEN0340,2025-02-26,13:32,CLI029,PROD010,1,60.59,60.59,0.1,54.53,2026-03-22 19:31:25,ventas,Lámpara LED,Electrónica,60.59,Diego,Morales,Barcelona,True,0.0,6.059000000000001,Media
VEN0341,2025-02-07,20:08,CLI031,PROD050,4,23.47,93.88,0.1,84.49,2026-03-22 19:31:25,ventas,Thriller Político,Libros,23.47,Pedro,Rodríguez,Murcia,True,0.0,9.388,Media
VEN0342,2025-02-01,13:35,CLI074,PROD037,3,15.72,47.16,0.0,47.16,2026-03-22 19:31:25,ventas,Mochila Deportiva,Deportes,15.72,Fernando,López,Sevilla,False,0.0,0.0,Baja
VEN0343,2025-02-15,20:35,CLI017,PROD022,5,11.31,56.55,0.0,56.55,2026-03-22 19:31:25,ventas,Toallas Pack 4,Hogar,11.31,Luis,Rodríguez,Málaga,False,0.0,0.0,Media
VEN0344,2025-02-03,09:19,CLI051,PROD045,4,31.91,127.64,0.1,114.88,2026-03-22 19:31:25,ventas,Manual Python,Libros,31.91,Beatriz,Fernández,Zaragoza,True,0.0,12.764000000000001,Media
VEN0345,2025-02-17,14:49,CLI053,PROD033,5,33.46,167.3,0.0,167.3,2026-03-22 19:31:25,ventas,Pesas 2kg Par,Deportes,33.46,Elena,Flores,Valencia,False,0.0,0.0,Alta
VEN0346,2025-02-03,10:20,CLI083,PROD014,1,45.51,45.51,0.1,40.96,2026-03-22 19:31:25,ventas,Zapatillas Deportivas,Ropa,45.51,Antonio,Rodríguez,Sevilla,True,0.0,4.551,Baja
VEN0347,2025-02-15,15:43,CLI067,PROD030,3,19.67,59.01,0.0,59.01,2026-03-22 19:31:25,ventas,Velas Aromáticas Pack 3,Hogar,19.67,Ana,Martínez,Zaragoza,False,0.0,0.0,Media
VEN0348,2025-02-05,21:49,CLI071,PROD025,5,32.25,161.25,0.0,161.25,2026-03-22 19:31:25,ventas,Alfombra Sala,Hogar,32.25,Miguel,Rodríguez,Barcelona,False,0.0,0.0,Alta
VEN0349,2025-02-06,20:08,CLI056,PROD025,5,32.25,161.25,0.1,145.12,2026-03-22 19:31:25,ventas,Alfombra Sala,Hogar,32.25,Fernando,García,Málaga,True,0.0,16.125,Media
VEN0350,2025-02-28,08:53,CLI016,PROD015,5,25.34,126.7,0.1,114.03,2026-03-22 19:31:25,ventas,Chaqueta Impermeable,Ropa,25.34,Carmen,Díaz,Bilbao,True,0.0,12.670000000000002,Media
VEN0351,2025-02-05,12:10,CLI021,PROD047,3,19.89,59.67,0.1,53.7,2026-03-22 19:31:25,ventas,Cómic Aventuras,Libros,19.89,Carlos,Morales,Málaga,True,0.0,5.9670000000000005,Media
VEN0352,2025-02-23,11:22,CLI067,PROD011,3,22.58,67.74,0.0,67.74,2026-03-22 19:31:25,ventas,Camiseta Básica,Ropa,22.58,Ana,Martínez,Zaragoza,False,0.0,0.0,Media
VEN0353,2025-02-28,09:16,CLI026,PROD015,5,25.34,126.7,0.1,114.03,2026-03-22 19:31:25,ventas,Chaqueta Impermeable,Ropa,25.34,Juan,García,Bilbao,True,0.0,12.670000000000002,Media
VEN0354,2025-02-09,10:40,CLI039,PROD039,5,34.09,170.45,0.1,153.4,2026-03-22 19:31:25,ventas,Rodilleras,Deportes,34.09,Isabel,Martínez,Sevilla,True,0.0,17.044999999999998,Alta
VEN0355,2025-02-18,09:32,CLI083,PROD031,2,39.19,78.38,0.1,70.54,2026-03-22 19:31:25,ventas,Botella Agua 1L,Deportes,39.19,Antonio,Rodríguez,Sevilla,True,0.0,7.838,Media
VEN0356,2025-02-19,17:09,CLI022,PROD050,5,23.47,117.35,0.1,105.62,2026-03-22 19:31:25,ventas,Thriller Político,Libros,23.47,Carmen,Ruiz,Murcia,True,0.0,11.735,Media
VEN0357,2025-02-24,17:21,CLI073,PROD015,1,25.34,25.34,0.0,25.34,2026-03-22 19:31:25,ventas,Chaqueta Impermeable,Ropa,25.34,Javier,Pérez,Bilbao,False,0.0,0.0,Baja
VEN0358,2025-02-27,21:01,CLI011,PROD049,1,13.49,13.49,0.0,13.49,2026-03-22 19:31:25,ventas,Poesía Clásica,Libros,13.49,Pedro,Díaz,Madrid,False,0.0,0.0,Baja
VEN0359,2025-02-21,20:36,CLI034,PROD006,2,17.07,34.14,0.1,30.73,2026-03-22 19:31:25,ventas,Cargador Portátil,Electrónica,17.07,Javier,Ramírez,Murcia,True,0.0,3.414,Baja
VEN0360,2025-02-25,17:26,CLI080,PROD008,1,54.13,54.13,0.1,48.72,2026-03-22 19:31:25,ventas,Hub USB,Electrónica,54.13,Luis,Sánchez,Sevilla,True,0.0,5.413,Baja
VEN0361,2025-02-16,18:34,CLI038,PROD011,3,22.58,67.74,0.1,60.97,2026-03-22 19:31:25,ventas,Camiseta Básica,Ropa,22.58,Pedro,Martínez,Barcelona,True,0.0,6.774,Media
VEN0362,2025-02-16,11:51,CLI088,PROD026,4,10.92,43.68,0.0,43.68,2026-03-22 19:31:25,ventas,Lámpara Mesa,Hogar,10.92,Pedro,Ramírez,Murcia,False,0.0,0.0,Baja
VEN0363,2025-02-10,15:04,CLI089,PROD018,1,16.64,16.64,0.0,16.64,2026-03-22 19:31:25,ventas,Bufanda Lana,Ropa,16.64,Diego,Morales,Zaragoza,False,0.0,0.0,Baja
VEN0364,2025-02-06,15:26,CLI062,PROD024,4,45.19,180.76,0.1,162.68,2026-03-22 19:31:25,ventas,Cortinas Blackout,Hogar,45.19,Carmen,López,Barcelona,True,0.0,18.076,Alta
VEN0365,2025-02-07,13:38,CLI019,PROD045,3,31.91,95.73,0.1,86.16,2026-03-22 19:31:25,ventas,Manual Python,Libros,31.91,Ana,Torres,Sevilla,True,0.0,9.573,Media
VEN0366,2025-02-28,19:20,CLI094,PROD034,3,42.78,128.34,0.1,115.51,2026-03-22 19:31:25,ventas,Cuerda Saltar,Deportes,42.78,Fernando,Fernández,Bilbao,True,0.0,12.834000000000001,Media
VEN0367,2025-02-13,10:48,CLI048,PROD005,5,20.65,103.25,0.1,92.92,2026-03-22 19:31:25,ventas,Cable USB-C,Electrónica,20.65,Juan,Jiménez,Valencia,True,0.0,10.325000000000001,Media
VEN0368,2025-02-18,09:20,CLI031,PROD044,4,32.83,131.32,0.1,118.19,2026-03-22 19:31:25,ventas,Biografía Histórica,Libros,32.83,Pedro,Rodríguez,Murcia,True,0.0,13.132,Media
VEN0369,2025-02-04,12:28,CLI032,PROD019,2,40.98,81.96,0.0,81.96,2026-03-22 19:31:25,ventas,Guantes Invierno,Ropa,40.98,Isabel,Jiménez,Madrid,False,0.0,0.0,Media
VEN0370,2025-02-04,08:18,CLI050,PROD010,5,60.59,302.95,0.0,302.95,2026-03-22 19:31:25,ventas,Lámpara LED,Electrónica,60.59,Roberto,Sánchez,Málaga,False,0.0,0.0,Alta
VEN0371,2025-02-14,11:55,CLI021,PROD035,3,12.5,37.5,0.1,33.75,2026-03-22 19:31:25,ventas,Banda Elástica,Deportes,12.5,Carlos,Morales,Málaga,True,0.0,3.75,Baja
VEN0372,2025-02-19,19:20,CLI025,PROD014,2,45.51,91.02,0.1,81.92,2026-03-22 19:31:25,ventas,Zapatillas Deportivas,Ropa,45.51,Miguel,Rodríguez,Bilbao,True,0.0,9.102,Media
VEN0373,2025-02-16,16:29,CLI064,PROD026,3,10.92,32.76,0.1,29.48,2026-03-22 19:31:25,ventas,Lámpara Mesa,Hogar,10.92,Luis,Morales,Sevilla,True,0.0,3.276,Baja
VEN0374,2025-02-16,08:05,CLI051,PROD013,5,48.42,242.1,0.1,217.89,2026-03-22 19:31:25,ventas,Sudadera con Capucha,Ropa,48.42,Beatriz,Fernández,Zaragoza,True,0.0,24.21,Alta
VEN0375,2025-02-15,11:13,CLI075,PROD025,3,32.25,96.75,0.1,87.08,2026-03-22 19:31:25,ventas,Alfombra Sala,Hogar,32.25,Pedro,Torres,Zaragoza,True,0.0,9.675,Media
VEN0376,2025-02-02,08:18,CLI064,PROD039,5,34.09,170.45,0.1,153.4,2026-03-22 19:31:25,ventas,Rodilleras,Deportes,34.09,Luis,Morales,Sevilla,True,0.0,17.044999999999998,Alta
VEN0377,2025-02-27,18:43,CLI061,PROD030,3,19.67,59.01,0.1,53.11,2026-03-22 19:31:25,ventas,Velas Aromáticas Pack 3,Hogar,19.67,Ana,López,Málaga,True,0.0,5.901,Media
VEN0378,2025-02-18,08:54,CLI014,PROD034,4,42.78,171.12,0.1,154.01,2026-03-22 19:31:25,ventas,Cuerda Saltar,Deportes,42.78,María,Ramírez,Murcia,True,0.0,17.112000000000002,Alta
VEN0379,2025-02-05,12:46,CLI047,PROD005,4,20.65,82.6,0.0,82.6,2026-03-22 19:31:25,ventas,Cable USB-C,Electrónica,20.65,Roberto,Flores,Madrid,False,0.0,0.0,Media
VEN0380,2025-02-12,08:25,CLI007,PROD010,5,60.59,302.95,0.0,302.95,2026-03-22 19:31:25,ventas,Lámpara LED,Electrónica,60.59,Juan,González,Bilbao,False,0.0,0.0,Alta
VEN0381,2025-02-18,11:23,CLI071,PROD043,3,16.69,50.07,0.0,50.07,2026-03-22 19:31:25,ventas,Guía Viajes Europa,Libros,16.69,Miguel,Rodríguez,Barcelona,False,0.0,0.0,Media
VEN0382,2025-02-03,14:32,CLI058,PROD021,5,13.24,66.2,0.1,59.58,2026-03-22 19:31:25,ventas,Juego Sábanas,Hogar,13.24,Carlos,Jiménez,Málaga,True,0.0,6.620000000000001,Media
VEN0383,2025-02-09,21:39,CLI088,PROD037,5,15.72,78.6,0.0,78.6,2026-03-22 19:31:25,ventas,Mochila Deportiva,Deportes,15.72,Pedro,Ramírez,Murcia,False,0.0,0.0,Media
VEN0384,2025-02-04,10:06,CLI051,PROD007,3,29.21,87.63,0.1,78.87,2026-03-22 19:31:25,ventas,Memoria USB 32GB,Electrónica,29.21,Beatriz,Fernández,Zaragoza,True,0.0,8.763,Media
VEN0385,2025-02-26,13:35,CLI047,PROD007,2,29.21,58.42,0.0,58.42,2026-03-22 19:31:25,ventas,Memoria USB 32GB,Electrónica,29.21,Roberto,Flores,Madrid,False,0.0,0.0,Media
VEN0386,2025-02-07,17:32,CLI052,PROD043,5,16.69,83.45,0.1,75.1,2026-03-22 19:31:25,ventas,Guía Viajes Europa,Libros,16.69,Javier,Morales,Zaragoza,True,0.0,8.345,Media
VEN0387,2025-02-02,08:02,CLI018,PROD011,3,22.58,67.74,0.0,67.74,2026-03-22 19:31:25,ventas,Camiseta Básica,Ropa,22.58,Juan,Sánchez,Sevilla,False,0.0,0.0,Media
VEN0388,2025-02-26,15:33,CLI059,PROD024,2,45.19,90.38,0.1,81.34,2026-03-22 19:31:25,ventas,Cortinas Blackout,Hogar,45.19,Juan,Pérez,Bilbao,True,0.0,9.038,Media
VEN0389,2025-02-20,16:08,CLI042,PROD020,5,47.03,235.15,0.0,235.15,2026-03-22 19:31:25,ventas,Cinturón Cuero,Ropa,47.03,Isabel,López,Zaragoza,False,0.0,0.0,Alta
VEN0390,2025-02-11,10:25,CLI079,PROD048,3,21.47,64.41,0.1,57.97,2026-03-22 19:31:25,ventas,Enciclopedia Natural,Libros,21.47,Luis,Díaz,Málaga,True,0.0,6.441,Media
VEN0391,2025-02-19,13:32,CLI066,PROD005,5,20.65,103.25,0.0,103.25,2026-03-22 19:31:25,ventas,Cable USB-C,Electrónica,20.65,Carmen,Pérez,Bilbao,False,0.0,0.0,Media
VEN0392,2025-02-16,19:36,CLI039,PROD041,4,15.73,62.92,0.1,56.63,2026-03-22 19:31:25,ventas,Novela Misterio,Libros,15.73,Isabel,Martínez,Sevilla,True,0.0,6.292000000000001,Media
VEN0393,2025-02-27,08:23,CLI043,PROD031,1,39.19,39.19,0.1,35.27,2026-03-22 19:31:25,ventas,Botella Agua 1L,Deportes,39.19,María,García,Murcia,True,0.0,3.919,Baja
VEN0394,2025-02-14,17:19,CLI093,PROD001,1,56.56,56.56,0.0,56.56,2026-03-22 19:31:25,ventas,Auriculares Bluetooth,Electrónica,56.56,Sofía,Martínez,Bilbao,False,0.0,0.0,Media
VEN0395,2025-02-20,15:16,CLI084,PROD025,5,32.25,161.25,0.1,145.12,2026-03-22 19:31:25,ventas,Alfombra Sala,Hogar,32.25,Juan,Flores,Bilbao,True,0.0,16.125,Media
VEN0396,2025-02-19,11:46,CLI007,PROD049,5,13.49,67.45,0.0,67.45,2026-03-22 19:31:25,ventas,Poesía Clásica,Libros,13.49,Juan,González,Bilbao,False,0.0,0.0,Media
VEN0397,2025-02-16,10:33,CLI081,PROD029,5,44.39,221.95,0.1,199.76,2026-03-22 19:31:25,ventas,Marco Fotos,Hogar,44.39,Carlos,Sánchez,Murcia,True,0.0,22.195,Alta
VEN0398,2025-02-25,21:24,CLI019,PROD009,2,27.92,55.84,0.1,50.26,2026-03-22 19:31:25,ventas,Adaptador HDMI,Electrónica,27.92,Ana,Torres,Sevilla,True,0.0,5.5840000000000005,Media
VEN0399,2025-02-02,17:44,CLI015,PROD017,2,16.91,33.82,0.1,30.44,2026-03-22 19:31:25,ventas,Calcetines Pack 3,Ropa,16.91,Laura,Ruiz,Murcia,True,0.0,3.382,Baja
VEN0400,2025-02-01,15:20,CLI054,PROD006,2,17.07,34.14,0.0,34.14,2026-03-22 19:31:25,ventas,Cargador Portátil,Electrónica,17.07,Pedro,Ramírez,Murcia,False,0.0,0.0,Baja
VEN0401,2025-02-14,19:13,CLI053,PROD047,5,19.89,99.45,0.0,99.45,2026-03-22 19:31:25,ventas,Cómic Aventuras,Libros,19.89,Elena,Flores,Valencia,False,0.0,0.0,Media
VEN0402,2025-02-25,17:58,CLI061,PROD021,1,13.24,13.24,0.1,11.92,2026-03-22 19:31:25,ventas,Juego Sábanas,Hogar,13.24,Ana,López,Málaga,True,0.0,1.324,Baja
VEN0403,2025-02-23,10:33,CLI027,PROD029,5,44.39,221.95,0.0,221.95,2026-03-22 19:31:25,ventas,Marco Fotos,Hogar,44.39,Diego,Sánchez,Sevilla,False,0.0,0.0,Alta
VEN0404,2025-02-11,18:30,CLI068,PROD048,4,21.47,85.88,0.0,85.88,2026-03-22 19:31:25,ventas,Enciclopedia Natural,Libros,21.47,Carlos,Martínez,Bilbao,False,0.0,0.0,Media
VEN0405,2025-02-11,10:29,CLI069,PROD022,3,11.31,33.93,0.1,30.54,2026-03-22 19:31:25,ventas,Toallas Pack 4,Hogar,11.31,Javier,Torres,Barcelona,True,0.0,3.3930000000000002,Baja
VEN0406,2025-02-18,13:43,CLI099,PROD031,3,39.19,117.57,0.0,117.57,2026-03-22 19:31:25,ventas,Botella Agua 1L,Deportes,39.19,Elena,Ruiz,Bilbao,False,0.0,0.0,Media
VEN0407,2025-02-20,15:12,CLI032,PROD034,3,42.78,128.34,0.0,128.34,2026-03-22 19:31:25,ventas,Cuerda Saltar,Deportes,42.78,Isabel,Jiménez,Madrid,False,0.0,0.0,Media
VEN0408,2025-02-18,12:14,CLI039,PROD015,3,25.34,76.02,0.1,68.42,2026-03-22 19:31:25,ventas,Chaqueta Impermeable,Ropa,25.34,Isabel,Martínez,Sevilla,True,0.0,7.602,Media
VEN0409,2025-02-23,11:44,CLI091,PROD037,4,15.72,62.88,0.1,56.59,2026-03-22 19:31:25,ventas,Mochila Deportiva,Deportes,15.72,Diego,González,Málaga,True,0.0,6.288,Media
VEN0410,2025-02-11,15:22,CLI072,PROD048,3,21.47,64.41,0.0,64.41,2026-03-22 19:31:25,ventas,Enciclopedia Natural,Libros,21.47,Roberto,Pérez,Barcelona,False,0.0,0.0,Media
VEN0411,2025-02-10,09:36,CLI087,PROD002,5,63.2,316.0,0.0,316.0,2026-03-22 19:31:25,ventas,Mouse Inalámbrico,Electrónica,63.2,Raquel,Torres,Bilbao,False,0.0,0.0,Alta
VEN0412,2025-02-13,14:52,CLI045,PROD005,2,20.65,41.3,0.1,37.17,2026-03-22 19:31:25,ventas,Cable USB-C,Electrónica,20.65,Laura,Jiménez,Málaga,True,0.0,4.13,Baja
VEN0413,2025-02-10,08:18,CLI092,PROD030,1,19.67,19.67,0.1,17.7,2026-03-22 19:31:25,ventas,Velas Aromáticas Pack 3,Hogar,19.67,Laura,López,Sevilla,True,0.0,1.9670000000000003,Baja
VEN0414,2025-02-12,15:41,CLI033,PROD034,4,42.78,171.12,0.0,171.12,2026-03-22 19:31:25,ventas,Cuerda Saltar,Deportes,42.78,Ana,Rodríguez,Zaragoza,False,0.0,0.0,Alta
VEN0415,2025-02-07,11:52,CLI069,PROD029,3,44.39,133.17,0.1,119.85,2026-03-22 19:31:25,ventas,Marco Fotos,Hogar,44.39,Javier,Torres,Barcelona,True,0.0,13.317,Media
VEN0416,2025-02-18,19:17,CLI018,PROD036,1,15.99,15.99,0.0,15.99,2026-03-22 19:31:25,ventas,Guantes Gym,Deportes,15.99,Juan,Sánchez,Sevilla,False,0.0,0.0,Baja
VEN0417,2025-02-20,19:37,CLI031,PROD004,2,58.99,117.98,0.1,106.18,2026-03-22 19:31:25,ventas,Webcam HD,Electrónica,58.99,Pedro,Rodríguez,Murcia,True,0.0,11.798000000000002,Media
VEN0418,2025-02-02,18:57,CLI068,PROD033,2,33.46,66.92,0.0,66.92,2026-03-22 19:31:25,ventas,Pesas 2kg Par,Deportes,33.46,Carlos,Martínez,Bilbao,False,0.0,0.0,Media
VEN0419,2025-02-21,11:03,CLI013,PROD029,4,44.39,177.56,0.1,159.8,2026-03-22 19:31:25,ventas,Marco Fotos,Hogar,44.39,Diego,García,Sevilla,True,0.0,17.756,Alta
VEN0420,2025-02-11,19:30,CLI013,PROD029,2,44.39,88.78,0.1,79.9,2026-03-22 19:31:25,ventas,Marco Fotos,Hogar,44.39,Diego,García,Sevilla,True,0.0,8.878,Media
VEN0421,2025-02-01,16:59,CLI021,PROD019,4,40.98,163.92,0.1,147.53,2026-03-22 19:31:25,ventas,Guantes Invierno,Ropa,40.98,Carlos,Morales,Málaga,True,0.0,16.392,Media
VEN0422,2025-02-21,15:30,CLI084,PROD046,2,15.32,30.64,0.1,27.58,2026-03-22 19:31:25,ventas,Libro Autoayuda,Libros,15.32,Juan,Flores,Bilbao,True,0.0,3.064,Baja
VEN0423,2025-02-25,12:20,CLI037,PROD001,1,56.56,56.56,0.1,50.9,2026-03-22 19:31:25,ventas,Auriculares Bluetooth,Electrónica,56.56,Beatriz,Jiménez,Valencia,True,0.0,5.656000000000001,Media
VEN0424,2025-02-25,09:41,CLI074,PROD014,2,45.51,91.02,0.0,91.02,2026-03-22 19:31:25,ventas,Zapatillas Deportivas,Ropa,45.51,Fernando,López,Sevilla,False,0.0,0.0,Media
VEN0425,2025-02-18,19:46,CLI005,PROD004,2,58.99,117.98,0.1,106.18,2026-03-22 19:31:25,ventas,Webcam HD,Electrónica,58.99,Beatriz,González,Madrid,True,0.0,11.798000000000002,Media
VEN0426,2025-02-14,21:11,CLI005,PROD024,4,45.19,180.76,0.1,162.68,2026-03-22 19:31:25,ventas,Cortinas Blackout,Hogar,45.19,Beatriz,González,Madrid,True,0.0,18.076,Alta
VEN0427,2025-02-26,15:11,CLI096,PROD030,3,19.67,59.01,0.0,59.01,2026-03-22 19:31:25,ventas,Velas Aromáticas Pack 3,Hogar,19.67,Antonio,García,Málaga,False,0.0,0.0,Media
VEN0428,2025-02-02,08:19,CLI073,PROD033,5,33.46,167.3,0.0,167.3,2026-03-22 19:31:25,ventas,Pesas 2kg Par,Deportes,33.46,Javier,Pérez,Bilbao,False,0.0,0.0,Alta
VEN0429,2025-02-04,13:18,CLI059,PROD010,5,60.59,302.95,0.1,272.65,2026-03-22 19:31:25,ventas,Lámpara LED,Electrónica,60.59,Juan,Pérez,Bilbao,True,0.0,30.295,Alta
VEN0430,2025-02-17,15:56,CLI018,PROD026,5,10.92,54.6,0.0,54.6,2026-03-22 19:31:25,ventas,Lámpara Mesa,Hogar,10.92,Juan,Sánchez,Sevilla,False,0.0,0.0,Media
VEN0431,2025-02-15,12:12,CLI015,PROD015,3,25.34,76.02,0.1,68.42,2026-03-22 19:31:25,ventas,Chaqueta Impermeable,Ropa,25.34,Laura,Ruiz,Murcia,True,0.0,7.602,Media
VEN0432,2025-02-06,19:29,CLI083,PROD048,3,21.47,64.41,0.1,57.97,2026-03-22 19:31:25,ventas,Enciclopedia Natural,Libros,21.47,Antonio,Rodríguez,Sevilla,True,0.0,6.441,Media
VEN0433,2025-02-23,10:00,CLI095,PROD010,3,60.59,181.77,0.0,181.77,2026-03-22 19:31:25,ventas,Lámpara LED,Electrónica,60.59,Javier,Rodríguez,Madrid,False,0.0,0.0,Alta
VEN0434,2025-02-26,12:36,CLI087,PROD030,2,19.67,39.34,0.0,39.34,2026-03-22 19:31:25,ventas,Velas Aromáticas Pack 3,Hogar,19.67,Raquel,Torres,Bilbao,False,0.0,0.0,Baja
VEN0435,2025-02-06,17:54,CLI082,PROD028,4,49.38,197.52,0.0,197.52,2026-03-22 19:31:25,ventas,Reloj Pared,Hogar,49.38,Raquel,Rodríguez,Sevilla,False,0.0,0.0,Alta
VEN0436,2025-02-27,14:32,CLI042,PROD011,1,22.58,22.58,0.0,22.58,2026-03-22 19:31:25,ventas,Camiseta Básica,Ropa,22.58,Isabel,López,Zaragoza,False,0.0,0.0,Baja
VEN0437,2025-02-13,18:06,CLI024,PROD025,2,32.25,64.5,0.0,64.5,2026-03-22 19:31:25,ventas,Alfombra Sala,Hogar,32.25,Javier,Sánchez,Barcelona,False,0.0,0.0,Media
VEN0438,2025-02-16,13:59,CLI032,PROD027,1,17.57,17.57,0.0,17.57,2026-03-22 19:31:25,ventas,Espejo Pared,Hogar,17.57,Isabel,Jiménez,Madrid,False,0.0,0.0,Baja
VEN0439,2025-02-09,14:15,CLI058,PROD046,3,15.32,45.96,0.1,41.36,2026-03-22 19:31:25,ventas,Libro Autoayuda,Libros,15.32,Carlos,Jiménez,Málaga,True,0.0,4.596,Baja
VEN0440,2025-02-11,12:37,CLI093,PROD048,5,21.47,107.35,0.0,107.35,2026-03-22 19:31:25,ventas,Enciclopedia Natural,Libros,21.47,Sofía,Martínez,Bilbao,False,0.0,0.0,Media
VEN0441,2025-02-01,12:41,CLI047,PROD012,2,25.35,50.7,0.0,50.7,2026-03-22 19:31:25,ventas,Jeans Clásicos,Ropa,25.35,Roberto,Flores,Madrid,False,0.0,0.0,Media
VEN0442,2025-02-02,18:07,CLI060,PROD027,3,17.57,52.71,0.0,52.71,2026-03-22 19:31:25,ventas,Espejo Pared,Hogar,17.57,Diego,Morales,Valencia,False,0.0,0.0,Media
VEN0443,2025-02-06,14:43,CLI065,PROD028,3,49.38,148.14,0.1,133.33,2026-03-22 19:31:25,ventas,Reloj Pared,Hogar,49.38,Sofía,Rodríguez,Málaga,True,0.0,14.814,Media
VEN0444,2025-02-23,09:40,CLI038,PROD018,3,16.64,49.92,0.1,44.93,2026-03-22 19:31:25,ventas,Bufanda Lana,Ropa,16.64,Pedro,Martínez,Barcelona,True,0.0,4.992000000000001,Baja
VEN0445,2025-02-20,11:14,CLI018,PROD002,4,63.2,252.8,0.0,252.8,2026-03-22 19:31:25,ventas,Mouse Inalámbrico,Electrónica,63.2,Juan,Sánchez,Sevilla,False,0.0,0.0,Alta
VEN0446,2025-02-05,15:47,CLI078,PROD016,3,57.95,173.85,0.1,156.46,2026-03-22 19:31:25,ventas,Gorra Deportiva,Ropa,57.95,Beatriz,Fernández,Valencia,True,0.0,17.385,Alta
VEN0447,2025-02-14,19:35,CLI061,PROD015,5,25.34,126.7,0.1,114.03,2026-03-22 19:31:25,ventas,Chaqueta Impermeable,Ropa,25.34,Ana,López,Málaga,True,0.0,12.670000000000002,Media
VEN0448,2025-02-26,18:52,CLI028,PROD044,2,32.83,65.66,0.0,65.66,2026-03-22 19:31:25,ventas,Biografía Histórica,Libros,32.83,Laura,Rodríguez,Valencia,False,0.0,0.0,Media
VEN0449,2025-02-22,20:38,CLI011,PROD038,5,19.45,97.25,0.0,97.25,2026-03-22 19:31:25,ventas,Toalla Microfibra,Deportes,19.45,Pedro,Díaz,Madrid,False,0.0,0.0,Media
VEN0450,2025-02-15,16:45,CLI047,PROD017,1,16.91,16.91,0.0,16.91,2026-03-22 19:31:25,ventas,Calcetines Pack 3,Ropa,16.91,Roberto,Flores,Madrid,False,0.0,0.0,Baja
VEN0451,2025-02-19,09:03,CLI071,PROD041,5,15.73,78.65,0.0,78.65,2026-03-22 19:31:25,ventas,Novela Misterio,Libros,15.73,Miguel,Rodríguez,Barcelona,False,0.0,0.0,Media
VEN0452,2025-02-07,17:34,CLI020,PROD033,2,33.46,66.92,0.1,60.23,2026-03-22 19:31:25,ventas,Pesas 2kg Par,Deportes,33.46,Ana,Martínez,Madrid,True,0.0,6.692,Media
VEN0453,2025-02-11,21:33,CLI057,PROD010,1,60.59,60.59,0.0,60.59,2026-03-22 19:31:25,ventas,Lámpara LED,Electrónica,60.59,Javier,López,Madrid,False,0.0,0.0,Media
VEN0454,2025-02-22,11:45,CLI075,PROD036,4,15.99,63.96,0.1,57.56,2026-03-22 19:31:25,ventas,Guantes Gym,Deportes,15.99,Pedro,Torres,Zaragoza,True,0.0,6.396000000000001,Media
VEN0455,2025-02-03,16:28,CLI008,PROD030,4,19.67,78.68,0.1,70.81,2026-03-22 19:31:25,ventas,Velas Aromáticas Pack 3,Hogar,19.67,Ana,Ramírez,Zaragoza,True,0.0,7.868000000000001,Media
VEN0456,2025-02-05,16:26,CLI059,PROD043,5,16.69,83.45,0.1,75.1,2026-03-22 19:31:25,ventas,Guía Viajes Europa,Libros,16.69,Juan,Pérez,Bilbao,True,0.0,8.345,Media
VEN0457,2025-02-02,16:29,CLI087,PROD045,3,31.91,95.73,0.0,95.73,2026-03-22 19:31:25,ventas,Manual Python,Libros,31.91,Raquel,Torres,Bilbao,False,0.0,0.0,Media
VEN0458,2025-02-24,08:25,CLI033,PROD035,1,12.5,12.5,0.0,12.5,2026-03-22 19:31:25,ventas,Banda Elástica,Deportes,12.5,Ana,Rodríguez,Zaragoza,False,0.0,0.0,Baja
VEN0459,2025-02-24,11:37,CLI010,PROD015,1,25.34,25.34,0.0,25.34,2026-03-22 19:31:25,ventas,Chaqueta Impermeable,Ropa,25.34,Beatriz,Torres,Sevilla,False,0.0,0.0,Baja
VEN0460,2025-02-14,13:44,CLI009,PROD028,5,49.38,246.9,0.0,246.9,2026-03-22 19:31:25,ventas,Reloj Pared,Hogar,49.38,Beatriz,Jiménez,Barcelona,False,0.0,0.0,Alta
VEN0461,2025-02-02,09:59,CLI061,PROD012,1,25.35,25.35,0.1,22.82,2026-03-22 19:31:25,ventas,Jeans Clásicos,Ropa,25.35,Ana,López,Málaga,True,0.0,2.535,Baja
VEN0462,2025-02-10,14:11,CLI099,PROD043,2,16.69,33.38,0.0,33.38,2026-03-22 19:31:25,ventas,Guía Viajes Europa,Libros,16.69,Elena,Ruiz,Bilbao,False,0.0,0.0,Baja
VEN0463,2025-02-25,18:46,CLI083,PROD038,4,19.45,77.8,0.1,70.02,2026-03-22 19:31:25,ventas,Toalla Microfibra,Deportes,19.45,Antonio,Rodríguez,Sevilla,True,0.0,7.78,Media
VEN0464,2025-02-12,14:28,CLI049,PROD012,4,25.35,101.4,0.0,101.4,2026-03-22 19:31:25,ventas,Jeans Clásicos,Ropa,25.35,Juan,Ramírez,Valencia,False,0.0,0.0,Media
VEN0465,2025-02-03,18:42,CLI070,PROD049,2,13.49,26.98,0.1,24.28,2026-03-22 19:31:25,ventas,Poesía Clásica,Libros,13.49,Carmen,García,Bilbao,True,0.0,2.6980000000000004,Baja
VEN0466,2025-02-21,21:22,CLI016,PROD007,2,29.21,58.42,0.1,52.58,2026-03-22 19:31:25,ventas,Memoria USB 32GB,Electrónica,29.21,Carmen,Díaz,Bilbao,True,0.0,5.8420000000000005,Media
VEN0467,2025-02-18,14:33,CLI017,PROD011,2,22.58,45.16,0.0,45.16,2026-03-22 19:31:25,ventas,Camiseta Básica,Ropa,22.58,Luis,Rodríguez,Málaga,False,0.0,0.0,Baja
VEN0468,2025-02-27,08:48,CLI003,PROD028,3,49.38,148.14,0.0,148.14,2026-03-22 19:31:25,ventas,Reloj Pared,Hogar,49.38,Juan,López,Valencia,False,0.0,0.0,Media
VEN0469,2025-02-15,18:46,CLI070,PROD030,4,19.67,78.68,0.1,70.81,2026-03-22 19:31:25,ventas,Velas Aromáticas Pack 3,Hogar,19.67,Carmen,García,Bilbao,True,0.0,7.868000000000001,Media
VEN0470,2025-02-18,14:52,CLI030,PROD048,2,21.47,42.94,0.1,38.65,2026-03-22 19:31:25,ventas,Enciclopedia Natural,Libros,21.47,Carlos,Ruiz,Madrid,True,0.0,4.294,Baja
VEN0471,2025-02-15,13:09,CLI036,PROD049,2,13.49,26.98,0.0,26.98,2026-03-22 19:31:25,ventas,Poesía Clásica,Libros,13.49,Elena,García,Madrid,False,0.0,0.0,Baja
VEN0472,2025-02-24,20:07,CLI005,PROD019,4,40.98,163.92,0.1,147.53,2026-03-22 19:31:25,ventas,Guantes Invierno,Ropa,40.98,Beatriz,González,Madrid,True,0.0,16.392,Media
VEN0473,2025-02-20,20:59,CLI003,PROD013,2,48.42,96.84,0.0,96.84,2026-03-22 19:31:25,ventas,Sudadera con Capucha,Ropa,48.42,Juan,López,Valencia,False,0.0,0.0,Media
VEN0474,2025-02-07,09:06,CLI077,PROD026,1,10.92,10.92,0.1,9.83,2026-03-22 19:31:25,ventas,Lámpara Mesa,Hogar,10.92,Raquel,Fernández,Murcia,True,0.0,1.092,Baja
VEN0475,2025-02-15,17:43,CLI091,PROD003,1,29.51,29.51,0.1,26.56,2026-03-22 19:31:25,ventas,Teclado Mecánico,Electrónica,29.51,Diego,González,Málaga,True,0.0,2.9510000000000005,Baja
VEN0476,2025-02-08,19:02,CLI052,PROD016,4,57.95,231.8,0.1,208.62,2026-03-22 19:31:25,ventas,Gorra Deportiva,Ropa,57.95,Javier,Morales,Zaragoza,True,0.0,23.180000000000003,Alta
VEN0477,2025-02-08,16:13,CLI097,PROD029,1,44.39,44.39,0.1,39.95,2026-03-22 19:31:25,ventas,Marco Fotos,Hogar,44.39,Javier,Díaz,Sevilla,True,0.0,4.439,Baja
VEN0478,2025-02-05,16:18,CLI030,PROD013,5,48.42,242.1,0.1,217.89,2026-03-22 19:31:25,ventas,Sudadera con Capucha,Ropa,48.42,Carlos,Ruiz,Madrid,True,0.0,24.21,Alta
VEN0479,2025-02-11,17:38,CLI099,PROD025,3,32.25,96.75,0.0,96.75,2026-03-22 19:31:25,ventas,Alfombra Sala,Hogar,32.25,Elena,Ruiz,Bilbao,False,0.0,0.0,Media
VEN0480,2025-02-08,12:56,CLI019,PROD004,5,58.99,294.95,0.1,265.46,2026-03-22 19:31:25,ventas,Webcam HD,Electrónica,58.99,Ana,Torres,Sevilla,True,0.0,29.495,Alta
VEN0481,2025-02-08,14:19,CLI036,PROD032,1,22.96,22.96,0.0,22.96,2026-03-22 19:31:25,ventas,Yoga Mat,Deportes,22.96,Elena,García,Madrid,False,0.0,0.0,Baja
VEN0482,2025-02-18,17:56,CLI095,PROD006,2,17.07,34.14,0.0,34.14,2026-03-22 19:31:25,ventas,Cargador Portátil,Electrónica,17.07,Javier,Rodríguez,Madrid,False,0.0,0.0,Baja
VEN0483,2025-02-21,18:27,CLI072,PROD009,4,27.92,111.68,0.0,111.68,2026-03-22 19:31:25,ventas,Adaptador HDMI,Electrónica,27.92,Roberto,Pérez,Barcelona,False,0.0,0.0,Media
VEN0484,2025-02-02,13:41,CLI086,PROD029,4,44.39,177.56,0.0,177.56,2026-03-22 19:31:25,ventas,Marco Fotos,Hogar,44.39,Juan,Fernández,Valencia,False,0.0,0.0,Alta
VEN0485,2025-02-26,16:20,CLI090,PROD028,4,49.38,197.52,0.0,197.52,2026-03-22 19:31:25,ventas,Reloj Pared,Hogar,49.38,Diego,González,Murcia,False,0.0,0.0,Alta
VEN0486,2025-02-14,10:19,CLI049,PROD027,2,17.57,35.14,0.0,35.14,2026-03-22 19:31:25,ventas,Espejo Pared,Hogar,17.57,Juan,Ramírez,Valencia,False,0.0,0.0,Baja
VEN0487,2025-02-25,16:30,CLI031,PROD013,2,48.42,96.84,0.1,87.16,2026-03-22 19:31:25,ventas,Sudadera con Capucha,Ropa,48.42,Pedro,Rodríguez,Murcia,True,0.0,9.684000000000001,Media
VEN0488,2025-02-10,21:45,CLI019,PROD012,4,25.35,101.4,0.1,91.26,2026-03-22 19:31:25,ventas,Jeans Clásicos,Ropa,25.35,Ana,Torres,Sevilla,True,0.0,10.14,Media
VEN0489,2025-02-02,16:26,CLI054,PROD009,5,27.92,139.6,0.0,139.6,2026-03-22 19:31:25,ventas,Adaptador HDMI,Electrónica,27.92,Pedro,Ramírez,Murcia,False,0.0,0.0,Media
VEN0490,2025-02-17,10:24,CLI032,PROD043,3,16.69,50.07,0.0,50.07,2026-03-22 19:31:25,ventas,Guía Viajes Europa,Libros,16.69,Isabel,Jiménez,Madrid,False,0.0,0.0,Media
VEN0491,2025-02-07,13:41,CLI011,PROD028,4,49.38,197.52,0.0,197.52,2026-03-22 19:31:25,ventas,Reloj Pared,Hogar,49.38,Pedro,Díaz,Madrid,False,0.0,0.0,Alta
VEN0492,2025-02-28,13:05,CLI069,PROD004,2,58.99,117.98,0.1,106.18,2026-03-22 19:31:25,ventas,Webcam HD,Electrónica,58.99,Javier,Torres,Barcelona,True,0.0,11.798000000000002,Media
VEN0493,2025-02-02,12:24,CLI087,PROD048,5,21.47,107.35,0.0,107.35,2026-03-22 19:31:25,ventas,Enciclopedia Natural,Libros,21.47,Raquel,Torres,Bilbao,False,0.0,0.0,Media
VEN0494,2025-02-20,08:55,CLI010,PROD034,2,42.78,85.56,0.0,85.56,2026-03-22 19:31:25,ventas,Cuerda Saltar,Deportes,42.78,Beatriz,Torres,Sevilla,False,0.0,0.0,Media
VEN0495,2025-02-26,20:37,CLI093,PROD019,5,40.98,204.9,0.0,204.9,2026-03-22 19:31:25,ventas,Guantes Invierno,Ropa,40.98,Sofía,Martínez,Bilbao,False,0.0,0.0,Alta
VEN0496,2025-02-07,15:13,CLI043,PROD043,3,16.69,50.07,0.1,45.06,2026-03-22 19:31:25,ventas,Guía Viajes Europa,Libros,16.69,María,García,Murcia,True,0.0,5.007000000000001,Baja
VEN0497,2025-02-01,11:59,CLI025,PROD042,1,30.13,30.13,0.1,27.12,2026-03-22 19:31:25,ventas,Libro Cocina,Libros,30.13,Miguel,Rodríguez,Bilbao,True,0.0,3.013,Baja
VEN0498,2025-02-24,20:30,CLI032,PROD029,5,44.39,221.95,0.0,221.95,2026-03-22 19:31:25,ventas,Marco Fotos,Hogar,44.39,Isabel,Jiménez,Madrid,False,0.0,0.0,Alta
VEN0499,2025-02-23,11:25,CLI031,PROD030,5,19.67,98.35,0.1,88.52,2026-03-22 19:31:25,ventas,Velas Aromáticas Pack 3,Hogar,19.67,Pedro,Rodríguez,Murcia,True,0.0,9.835,Media
VEN0500,2025-02-11,20:18,CLI049,PROD050,4,23.47,93.88,0.0,93.88,2026-03-22 19:31:25,ventas,Thriller Político,Libros,23.47,Juan,Ramírez,Valencia,False,0.0,0.0,Media
